label,conductor,delta,rank,a_invariants_raw
11a1,11,-161051,0,"[0, -1, 1, -10, -20]"
14a1,14,-21952,0,"[1, 0, 1, 4, -6]"
15a1,15,50625,0,"[1, 1, 1, -10, -10]"
17a1,17,-83521,0,"[1, -1, 1, -1, -14]"
19a1,19,-6859,0,"[0, 1, 1, -9, -15]"
20a1,20,-6400,0,"[0, 1, 0, 4, 4]"
21a1,21,3969,0,"[1, 0, 0, -4, -1]"
24a1,24,2304,0,"[0, -1, 0, -4, 4]"
26a1,26,-17576,0,"[1, 0, 1, -5, -8]"
26b1,26,-1664,0,"[1, -1, 1, -3, 3]"
27a1,27,-19683,0,"[0, 0, 1, 0, -7]"
30a1,30,-2160,0,"[1, 0, 1, 1, 2]"
32a1,32,-4096,0,"[0, 0, 0, 4, 0]"
33a1,33,88209,0,"[1, 1, 0, -11, 0]"
34a1,34,1088,0,"[1, 0, 0, -3, 1]"
35a1,35,-42875,0,"[0, 1, 1, 9, 1]"
36a1,36,-432,0,"[0, 0, 0, 0, 1]"
37a1,37,37,1,"[0, 0, 1, -1, 0]"
37b1,37,50653,0,"[0, 1, 1, -23, -50]"
38a1,38,-3511808,0,"[1, 0, 1, 9, 90]"
38b1,38,-608,0,"[1, 1, 1, 0, 1]"
39a1,39,1521,0,"[1, 1, 0, -4, -5]"
40a1,40,6400,0,"[0, 0, 0, -7, -6]"
42a1,42,-16128,0,"[1, 1, 1, -4, 5]"
43a1,43,-43,1,"[0, 1, 1, 0, 0]"
44a1,44,-2816,0,"[0, 1, 0, 3, -1]"
45a1,45,-10935,0,"[1, -1, 0, 0, -5]"
46a1,46,-23552,0,"[1, -1, 0, -10, -12]"
48a1,48,2304,0,"[0, 1, 0, -4, -4]"
49a1,49,-343,0,"[1, -1, 0, -2, -1]"
50a1,50,-1250,0,"[1, 0, 1, -1, -2]"
50b1,50,-800,0,"[1, 1, 1, -3, 1]"
51a1,51,-459,0,"[0, 1, 1, 1, -1]"
52a1,52,-43264,0,"[0, 0, 0, 1, -10]"
53a1,53,-53,1,"[1, -1, 1, 0, 0]"
54a1,54,-157464,0,"[1, -1, 0, 12, 8]"
54b1,54,-216,0,"[1, -1, 1, 1, -1]"
55a1,55,3025,0,"[1, -1, 0, -4, 3]"
56a1,56,-1792,0,"[0, 0, 0, 1, 2]"
56b1,56,-7168,0,"[0, -1, 0, 0, -4]"
57a1,57,-171,1,"[0, -1, 1, -2, 2]"
57b1,57,3249,0,"[1, 0, 1, -7, 5]"
57c1,57,-1121931,0,"[0, 1, 1, 20, -32]"
58a1,58,-116,1,"[1, -1, 0, -1, 1]"
58b1,58,-29696,0,"[1, 1, 1, 5, 9]"
61a1,61,-61,1,"[1, 0, 0, -2, 1]"
62a1,62,-496,0,"[1, -1, 1, -1, 1]"
63a1,63,-45927,0,"[1, -1, 0, 9, 0]"
64a1,64,4096,0,"[0, 0, 0, -4, 0]"
65a1,65,65,1,"[1, 0, 0, -1, 0]"
66a1,66,1188,0,"[1, 0, 1, -6, 4]"
66b1,66,528,0,"[1, 1, 1, -2, -1]"
66c1,66,2737152,0,"[1, 0, 0, -45, 81]"
67a1,67,-67,0,"[0, 1, 1, -12, -21]"
69a1,69,-207,0,"[1, 0, 1, -1, -1]"
70a1,70,-2800,0,"[1, -1, 1, 2, -3]"
72a1,72,-34992,0,"[0, 0, 0, 6, -7]"
73a1,73,-5329,0,"[1, -1, 0, 4, -3]"
75a1,75,-1875,0,"[0, -1, 1, -8, -7]"
75b1,75,-234375,0,"[1, 0, 1, -1, 23]"
75c1,75,-6075,0,"[0, 1, 1, 2, 4]"
76a1,76,-4864,0,"[0, -1, 0, -21, -31]"
77a1,77,-539,1,"[0, 0, 1, 2, 0]"
77b1,77,-156590819,0,"[0, 1, 1, -49, 600]"
77c1,77,-41503,0,"[1, 1, 0, 4, 11]"
78a1,78,-207028224,0,"[1, 1, 0, -19, 685]"
79a1,79,79,1,"[1, 1, 1, -2, 0]"
80a1,80,6400,0,"[0, 0, 0, -7, 6]"
80b1,80,-6400,0,"[0, -1, 0, 4, -4]"
82a1,82,164,1,"[1, 0, 1, -2, 0]"
83a1,83,-83,1,"[1, 1, 1, 1, 0]"
84a1,84,-21168,0,"[0, 1, 0, 7, 0]"
84b1,84,-2352,0,"[0, -1, 0, -1, -2]"
85a1,85,425,0,"[1, 1, 0, -8, -13]"
88a1,88,-2816,1,"[0, 0, 0, -4, 4]"
89a1,89,-89,1,"[1, 1, 1, -1, 0]"
89b1,89,-7921,0,"[1, 1, 0, 4, 5]"
90a1,90,-13500,0,"[1, -1, 0, 6, 0]"
90b1,90,-8640,0,"[1, -1, 1, -8, 11]"
90c1,90,-1574640,0,"[1, -1, 1, 13, -61]"
91a1,91,-91,1,"[0, 0, 1, 1, 0]"
91b1,91,-91,1,"[0, 1, 1, -7, 5]"
92a1,92,-368,0,"[0, 1, 0, 2, 1]"
92b1,92,-368,1,"[0, 0, 0, -1, 1]"
94a1,94,-188,0,"[1, -1, 1, 0, -1]"
96a1,96,576,0,"[0, 1, 0, -2, 0]"
96b1,96,576,0,"[0, -1, 0, -2, 0]"
98a1,98,-3294172,0,"[1, 1, 0, -25, -111]"
99a1,99,297,1,"[1, -1, 1, -2, 0]"
99b1,99,216513,0,"[1, -1, 1, -59, 186]"
99c1,99,216513,0,"[1, -1, 0, -15, 8]"
99d1,99,-8019,0,"[0, 0, 1, -3, -5]"
100a1,100,1250000,0,"[0, -1, 0, -33, 62]"
101a1,101,101,1,"[0, 1, 1, -1, -1]"
102a1,102,612,1,"[1, 1, 0, -2, 0]"
102b1,102,352512,0,"[1, 0, 0, -34, 68]"
102c1,102,793152,0,"[1, 0, 1, -256, 1550]"
104a1,104,-26624,0,"[0, 1, 0, -16, -32]"
105a1,105,105,0,"[1, 0, 1, -3, 1]"
106a1,106,-424,0,"[1, 0, 0, 1, 1]"
106b1,106,-848,1,"[1, 1, 0, -7, 5]"
106c1,106,-889192448,0,"[1, 0, 0, -283, -2351]"
106d1,106,-1696,0,"[1, 1, 0, -27, -67]"
108a1,108,-6912,0,"[0, 0, 0, 0, 4]"
109a1,109,-109,0,"[1, -1, 0, -8, -7]"
110a1,110,-1100000,0,"[1, 1, 1, 10, -45]"
110b1,110,-440,0,"[1, 0, 0, -1, 1]"
110c1,110,-851840,0,"[1, 0, 1, -89, 316]"
112a1,112,-7168,1,"[0, 1, 0, 0, 4]"
112b1,112,-1792,0,"[0, 0, 0, 1, -2]"
112c1,112,-114688,0,"[0, -1, 0, -8, -16]"
113a1,113,-12769,0,"[1, 1, 1, 3, -4]"
114a1,114,32832,0,"[1, 0, 0, -8, 0]"
114b1,114,18468,0,"[1, 1, 0, -95, -399]"
114c1,114,537919488,0,"[1, 1, 1, -352, -2431]"
115a1,115,-71875,0,"[0, 0, 1, 7, -11]"
116a1,116,-7424,0,"[0, 0, 0, -4831, -129242]"
116b1,116,-7424,0,"[0, 1, 0, -4, 4]"
116c1,116,-215296,0,"[0, -1, 0, -4, 24]"
117a1,117,-28431,1,"[1, -1, 1, 4, 6]"
118a1,118,-236,1,"[1, 1, 0, 1, 1]"
118b1,118,-60416,0,"[1, 1, 1, -25, 39]"
118c1,118,-118,0,"[1, 1, 1, -4, -5]"
118d1,118,-30932992,0,"[1, 1, 0, 56, -192]"
120a1,120,720,0,"[0, 1, 0, -15, 18]"
120b1,120,-3840,0,"[0, 1, 0, 4, 0]"
121a1,121,-121,0,"[1, 1, 1, -30, -76]"
121b1,121,-1331,1,"[0, -1, 1, -7, 10]"
121c1,121,-14641,0,"[1, 1, 0, -2, -7]"
121d1,121,-19487171,0,"[0, -1, 1, -40, -221]"
122a1,122,-976,1,"[1, 0, 1, 2, 0]"
123a1,123,-9963,1,"[0, 1, 1, -10, 10]"
123b1,123,-123,1,"[0, -1, 1, 1, -1]"
124a1,124,-496,1,"[0, 1, 0, -2, 1]"
124b1,124,-496,0,"[0, 0, 0, -17, -27]"
126a1,126,-20412,0,"[1, -1, 1, -5, -7]"
126b1,126,-11757312,0,"[1, -1, 0, -36, -176]"
128a1,128,-256,1,"[0, 1, 0, 1, 1]"
128b1,128,-16384,0,"[0, 1, 0, 3, -5]"
128c1,128,-256,0,"[0, -1, 0, 1, -1]"
128d1,128,-16384,0,"[0, -1, 0, 3, 5]"
129a1,129,-3483,1,"[0, -1, 1, -19, 39]"
129b1,129,1347921,0,"[1, 0, 1, -30, -29]"
130a1,130,26000,1,"[1, 0, 1, -33, 68]"
130b1,130,16640,0,"[1, -1, 1, -7, -1]"
130c1,130,10400000,0,"[1, 1, 1, -841, -9737]"
131a1,131,-131,1,"[0, -1, 1, 1, 0]"
132a1,132,-1584,0,"[0, 1, 0, 3, 0]"
132b1,132,-10392624,0,"[0, -1, 0, -77, 330]"
135a1,135,-6075,1,"[0, 0, 1, -3, 4]"
135b1,135,-4428675,0,"[0, 0, 1, -27, -115]"
136a1,136,4352,1,"[0, 1, 0, -4, 0]"
136b1,136,17408,0,"[0, -1, 0, -8, -4]"
138a1,138,-828,1,"[1, 1, 0, -1, 1]"
138b1,138,-268272,0,"[1, 0, 1, -36, 82]"
138c1,138,-3312,0,"[1, 1, 1, 3, 3]"
139a1,139,-139,0,"[1, 1, 0, -3, -4]"
140a1,140,-224000,0,"[0, 1, 0, -5, -25]"
140b1,140,-21512960,0,"[0, 0, 0, 32, 212]"
141a1,141,102789,1,"[0, 1, 1, -12, 2]"
141b1,141,-34263,0,"[1, 1, 1, -8, -16]"
141c1,141,-3807,0,"[1, 0, 0, -2, 3]"
141d1,141,141,1,"[0, -1, 1, -1, 0]"
1410,141,141,0,"[0, 1, 1, -26, -61]"
142a1,142,36352,1,"[1, -1, 1, -12, 15]"
142b1,142,142,1,"[1, 1, 0, -1, -1]"
142c1,142,-4544,0,"[1, -1, 0, -1, -3]"
142d1,142,568,0,"[1, 0, 0, -8, 8]"
1420,142,9529458688,0,"[1, -1, 0, -2626, 52244]"
143a1,143,-1859,1,"[0, -1, 1, -1, -2]"
144a1,144,-432,0,"[0, 0, 0, 0, -1]"
144b1,144,-34992,0,"[0, 0, 0, 6, 7]"
145a1,145,145,1,"[1, -1, 1, -3, 2]"
147a1,147,-7411887,0,"[1, 1, 1, 48, 48]"
147b1,147,-17294403,0,"[0, 1, 1, -114, 473]"
147c1,147,-147,0,"[0, -1, 1, -2, -1]"
148a1,148,9472,1,"[0, -1, 0, -5, 1]"
150a1,150,-1500,0,"[1, 0, 0, -3, -3]"
150b1,150,-23437500,0,"[1, 1, 0, -75, -375]"
150c1,150,-33750000,0,"[1, 1, 1, 37, 281]"
152a1,152,-4864,1,"[0, 1, 0, -1, 3]"
152b1,152,-38912,0,"[0, 1, 0, -8, -16]"
153a1,153,-459,1,"[0, 0, 1, -3, 2]"
153b1,153,-334611,1,"[0, 0, 1, 6, 27]"
153c1,153,12393,0,"[1, -1, 0, -6, -1]"
153d1,153,-334611,0,"[0, 0, 1, -27, -61]"
154a1,154,-54208,1,"[1, -1, 0, -29, 69]"
154b1,154,-3469312,0,"[1, -1, 1, -4, -89]"
154c1,154,-13552,0,"[1, 1, 0, -14, -28]"
155a1,155,-96875,1,"[0, -1, 1, 10, 6]"
155b1,155,-775,0,"[1, 1, 1, -1, -2]"
155c1,155,-155,1,"[0, -1, 1, -1, 1]"
156a1,156,1872,1,"[0, -1, 0, -5, 6]"
156b1,156,151632,0,"[0, 1, 0, -13, -4]"
158a1,158,20224,1,"[1, -1, 1, -9, 9]"
158b1,158,316,1,"[1, 1, 0, -3, 1]"
158c1,158,82837504,0,"[1, 1, 1, -420, 3109]"
158d1,158,31554496,0,"[1, 0, 1, -82, -92]"
1580,158,-316,0,"[1, 1, 1, 1, 1]"
160a1,160,320,1,"[0, 1, 0, -6, 4]"
160b1,160,320,0,"[0, -1, 0, -6, -4]"
161a1,161,25921,0,"[1, -1, 1, -9, 8]"
162a1,162,-2916,1,"[1, -1, 0, -6, 8]"
162b1,162,-648,0,"[1, -1, 1, -5, 5]"
162c1,162,-1458,0,"[1, -1, 0, 3, -1]"
162d1,162,-5184,0,"[1, -1, 1, 4, -1]"
163a1,163,-163,1,"[0, 0, 1, -2, 1]"
166a1,166,-1328,1,"[1, 1, 0, -6, 4]"
168a1,168,336,0,"[0, 1, 0, -7, -10]"
168b1,168,-1037232,0,"[0, -1, 0, -7, 52]"
170a1,170,6800,1,"[1, 0, 1, -8, 6]"
170b1,170,31443200,0,"[1, 0, 1, -2554, 49452]"
170c1,170,-4456448000,0,"[1, 0, 0, 399, -919]"
170d1,170,-17000,0,"[1, 0, 1, -3, 6]"
1700,170,-170,0,"[1, -1, 0, -10, -10]"
171a1,171,41553,0,"[1, -1, 1, -14, 20]"
171b1,171,-13851,1,"[0, 0, 1, 6, 0]"
171c1,171,-817887699,0,"[0, 0, 1, 177, 1035]"
171d1,171,-124659,0,"[0, 0, 1, -21, -41]"
172a1,172,-11008,1,"[0, 1, 0, -13, 15]"
174a1,174,-6.21261E+14,0,"[1, 0, 1, -7705, 1226492]"
174b1,174,-8118144,0,"[1, 0, 0, -1, 137]"
174c1,174,-1566,0,"[1, 1, 1, -5, -7]"
174d1,174,-1392,0,"[1, 0, 1, 0, -2]"
1740,174,-712704,0,"[1, 1, 0, -56, -192]"
175a1,175,-875,1,"[0, -1, 1, 2, -2]"
175b1,175,-546875,1,"[0, -1, 1, -33, 93]"
175c1,175,-13671875,0,"[0, 1, 1, 42, -131]"
176a1,176,-2816,0,"[0, 0, 0, -4, -4]"
176b1,176,-45056,0,"[0, 1, 0, -5, -13]"
176c1,176,-2816,1,"[0, -1, 0, 3, 1]"
178a1,178,-364544,0,"[1, 0, 0, 6, -28]"
178b1,178,1458176,0,"[1, 1, 0, -44, 80]"
179a1,179,-179,0,"[0, 0, 1, -1, -1]"
180a1,180,58320,0,"[0, 0, 0, -12, -11]"
182a1,182,-60782804992,0,"[1, -1, 1, 866, 6445]"
182b1,182,-46592,0,"[1, 0, 0, 7, -7]"
182c1,182,-21926008832,0,"[1, 0, 1, -4609, 120244]"
182d1,182,-8918,0,"[1, -1, 1, 3, -5]"
1820,182,-332678528,0,"[1, -1, 0, -22, 884]"
184a1,184,-368,1,"[0, -1, 0, 0, 1]"
184b1,184,-368,1,"[0, -1, 0, -4, 5]"
184c1,184,-23552,0,"[0, 0, 0, 5, 6]"
184d1,184,-368,0,"[0, 0, 0, -55, -157]"
185a1,185,23125,1,"[0, 1, 1, -156, 700]"
185b1,185,925,1,"[0, -1, 1, -5, 6]"
185c1,185,185,1,"[1, 0, 1, -4, -3]"
186a1,186,-10983114,0,"[1, 1, 0, -83, -369]"
186b1,186,-241056,0,"[1, 0, 0, 15, 9]"
186c1,186,-11904,0,"[1, 0, 1, -17, -28]"
187a1,187,-384659,0,"[0, 1, 1, 11, 30]"
187b1,187,-22627,0,"[0, 0, 1, 7, 1]"
189a1,189,1701,1,"[0, 0, 1, -3, 0]"
189b1,189,189,1,"[0, 0, 1, -24, 45]"
189c1,189,9261,0,"[0, 0, 1, -6, 3]"
189d1,189,1240029,0,"[0, 0, 1, -27, -7]"
190a1,190,-972800,1,"[1, -1, 1, -48, 147]"
190b1,190,-950,1,"[1, 1, 0, 2, 2]"
190c1,190,-2375000,0,"[1, 0, 0, -30, -100]"
192a1,192,192,1,"[0, -1, 0, -4, -2]"
192b1,192,192,0,"[0, 1, 0, -4, 2]"
192c1,192,-3072,0,"[0, 1, 0, 3, 3]"
192d1,192,-3072,0,"[0, -1, 0, 3, -3]"
194a1,194,388,0,"[1, -1, 1, -3, -1]"
195a1,195,5265,0,"[1, 0, 0, -110, 435]"
195b1,195,-195,0,"[0, 1, 1, 0, -1]"
195c1,195,-27421875,0,"[0, 1, 1, -66, -349]"
195d1,195,-24024195,0,"[0, -1, 1, -190, 1101]"
196a1,196,784,1,"[0, -1, 0, -2, 1]"
196b1,196,92236816,0,"[0, 1, 0, -114, -127]"
197a1,197,197,1,"[0, 0, 1, -5, 4]"
198a1,198,384912,1,"[1, -1, 0, -18, 4]"
198b1,198,866052,0,"[1, -1, 1, -50, -115]"
198c1,198,1216512,0,"[1, -1, 1, -65, 209]"
198d1,198,574992,0,"[1, -1, 0, -87, 333]"
1980,198,1995383808,0,"[1, -1, 0, -405, -2187]"
200a1,200,-800000000,0,"[0, 0, 0, 125, -1250]"
200b1,200,2000,1,"[0, 1, 0, -3, -2]"
200c1,200,1250000,0,"[0, 0, 0, -50, 125]"
200d1,200,31250000,0,"[0, -1, 0, -83, -88]"
2000,200,-51200,0,"[0, 0, 0, 5, -10]"
201a1,201,-603,1,"[0, -1, 1, 2, 0]"
201b1,201,-1809,1,"[1, 0, 0, -1, 2]"
201c1,201,-16281,1,"[1, 1, 0, -794, 8289]"
202a1,202,-13238272,0,"[1, -1, 0, 4, -176]"
203a1,203,-487403,0,"[0, -1, 1, 20, -8]"
203b1,203,-1421,1,"[1, 1, 1, 0, -2]"
203c1,203,-5887,0,"[1, 1, 0, -9, 8]"
204a1,204,-770943744,0,"[0, -1, 0, -1621, -24623]"
204b1,204,-13056,0,"[0, 1, 0, -5, -9]"
205a1,205,1025,1,"[1, -1, 1, -22, 44]"
205b1,205,1025,0,"[1, 1, 1, -21, -46]"
205c1,205,1025,0,"[1, 1, 0, -2, -1]"
206a1,206,-412,0,"[1, 1, 0, 2, 0]"
207a1,207,-150903,1,"[1, -1, 1, -5, 20]"
208a1,208,-106496,1,"[0, -1, 0, 8, -16]"
208b1,208,-26624,1,"[0, -1, 0, -16, 32]"
208c1,208,-43264,0,"[0, 0, 0, 1, 10]"
208d1,208,-6815744,0,"[0, 0, 0, -43, -166]"
209a1,209,-480491,1,"[0, 1, 1, -27, 55]"
210a1,210,3870720,0,"[1, 0, 0, -41, -39]"
210b1,210,6048000,0,"[1, 0, 1, -498, 4228]"
210c1,210,-188160,0,"[1, 1, 1, 10, -13]"
210d1,210,1680,1,"[1, 1, 0, -3, -3]"
2100,210,-928972800,0,"[1, 0, 0, 210, 900]"
212a1,212,-13568,1,"[0, -1, 0, -4, 8]"
212b1,212,-719104,0,"[0, -1, 0, -12, -40]"
213a1,213,-639,0,"[1, 0, 1, 0, 1]"
214a1,214,-13696,1,"[1, 0, 0, -12, 16]"
214b1,214,-214,1,"[1, 0, 1, 1, 0]"
214c1,214,-109568,1,"[1, 0, 1, -193, 1012]"
214d1,214,-6848,0,"[1, 0, 0, 2, 4]"
215a1,215,-26875,1,"[0, 0, 1, -8, -12]"
216a1,216,-62208,1,"[0, 0, 0, -12, 20]"
216b1,216,-497664,0,"[0, 0, 0, -3, -34]"
216c1,216,-362797056,0,"[0, 0, 0, -27, 918]"
216d1,216,-45349632,0,"[0, 0, 0, -108, -540]"
218a1,218,-6976,1,"[1, 0, 0, -2, 4]"
219a1,219,-219,1,"[0, -1, 1, -6, 8]"
219b1,219,-1971,1,"[0, 1, 1, 3, 2]"
219c1,219,4310577,1,"[1, 1, 0, -82, -305]"
220a1,220,242000,1,"[0, 1, 0, -45, 100]"
220b1,220,9680,0,"[0, -1, 0, -5, 2]"
221a1,221,82055753,0,"[1, -1, 1, -733, 7804]"
221b1,221,2873,0,"[1, 1, 0, -59, 152]"
222a1,222,-7992,0,"[1, 0, 0, 2, -4]"
222b1,222,-13108878,0,"[1, 1, 1, 17, 179]"
222c1,222,-255744,0,"[1, 1, 0, 16, 0]"
222d1,222,-909312,0,"[1, 0, 1, 1, -46]"
2220,222,-6.10918E+12,0,"[1, 1, 0, -182317, 29887645]"
224a1,224,-448,1,"[0, 1, 0, 2, 0]"
224b1,224,-448,0,"[0, -1, 0, 2, 0]"
225a1,225,-675,1,"[0, 0, 1, 0, 1]"
225b1,225,-10546875,0,"[0, 0, 1, 0, 156]"
225c1,225,-170859375,0,"[1, -1, 1, -5, -628]"
225d1,225,-4428675,0,"[0, 0, 1, 15, -99]"
2250,225,-1366875,1,"[0, 0, 1, -75, 256]"
226a1,226,7232,1,"[1, 0, 0, -5, 1]"
228a1,228,-155952,0,"[0, -1, 0, 3, 18]"
228b1,228,-43776,1,"[0, -1, 0, 3, 9]"
229a1,229,229,1,"[1, 0, 0, -2, -1]"
231a1,231,1617,0,"[1, 1, 1, -34, 62]"
232a1,232,-29696,1,"[0, -1, 0, 8, -4]"
232b1,232,-29696,0,"[0, 1, 0, -80, -304]"
233a1,233,-54289,0,"[1, 0, 1, 0, 11]"
234a1,234,-1213056,0,"[1, -1, 0, -24, -64]"
234b1,234,-4094064,0,"[1, -1, 1, -29, -107]"
234c1,234,-5616,1,"[1, -1, 0, -3, 5]"
234d1,234,-1.50924E+11,0,"[1, -1, 1, -176, -18669]"
2340,234,-18954,0,"[1, -1, 1, 4, -7]"
235a1,235,5875,1,"[1, 1, 1, -5, 0]"
235b1,235,91796875,0,"[1, 1, 1, -3551, -82926]"
235c1,235,-5875,0,"[0, -1, 1, 4, 1]"
236a1,236,-944,1,"[0, -1, 0, -1, 2]"
236b1,236,-944,0,"[0, 1, 0, -9, 8]"
238a1,238,13647872,1,"[1, 0, 0, -60, 16]"
238b1,238,-476,1,"[1, -1, 0, 2, 0]"
238c1,238,13328,0,"[1, -1, 1, -19, 35]"
238d1,238,3332,0,"[1, 1, 1, -18, -37]"
2380,238,-2071552,0,"[1, 1, 0, 32, 0]"
240a1,240,720,0,"[0, -1, 0, -15, -18]"
240b1,240,-8847360,0,"[0, -1, 0, 24, -144]"
240c1,240,-3840,1,"[0, -1, 0, 4, 0]"
240d1,240,-61440,0,"[0, 1, 0, 0, -12]"
242a1,242,-1936,1,"[1, 0, 0, 3, 1]"
242b1,242,-3429742096,0,"[1, 0, 1, 360, -970]"
243a1,243,-243,1,"[0, 0, 1, 0, -1]"
243b1,243,-2187,0,"[0, 0, 1, 0, 2]"
244a1,244,-15616,1,"[0, 0, 0, 1, 6]"
245a1,245,-42875,1,"[0, 0, 1, -7, 12]"
245b1,245,-5044200875,0,"[0, 0, 1, -343, -4202]"
245c1,245,-4117715,1,"[0, -1, 1, -65, -204]"
246a1,246,-717336,0,"[1, 1, 1, -270, -1821]"
246b1,246,-3.34303E+11,0,"[1, 0, 0, -175, -27847]"
246c1,246,3.56992E+11,0,"[1, 0, 1, -453897, -117739700]"
246d1,246,212544,1,"[1, 1, 0, -66, 180]"
2460,246,5904,0,"[1, 0, 0, -9, 9]"
246f1,246,-2214,0,"[1, 0, 1, -2, 2]"
246g1,246,-251904,0,"[1, 1, 0, -41, -123]"
248a1,248,-496,1,"[0, 1, 0, 0, 1]"
248b1,248,-31744,0,"[0, 1, 0, 8, 0]"
248c1,248,-496,1,"[0, 0, 0, 1, -1]"
249a1,249,-2241,1,"[1, 1, 1, -55, 134]"
249b1,249,-249,1,"[1, 1, 0, 2, 1]"
252a1,252,-15431472,0,"[0, 0, 0, 60, 61]"
252b1,252,-1714608,1,"[0, 0, 0, -12, 65]"
254a1,254,65024,1,"[1, 0, 0, -22, 36]"
254b1,254,-508,0,"[1, 0, 0, 2, 0]"
254c1,254,1016,1,"[1, -1, 0, -5, -3]"
254d1,254,-520192,0,"[1, -1, 1, -19, 51]"
256a1,256,512,1,"[0, 1, 0, -3, 1]"
256b1,256,512,1,"[0, 0, 0, -2, 0]"
256c1,256,-512,0,"[0, 0, 0, 2, 0]"
256d1,256,512,0,"[0, -1, 0, -3, -1]"
258a1,258,-8256,1,"[1, 1, 0, 3, -3]"
258b1,258,1540767744,0,"[1, 1, 0, -1916, 31440]"
258c1,258,-41796,1,"[1, 0, 1, -15, 22]"
258d1,258,528384,0,"[1, 1, 1, -24, -39]"
2580,258,-1.99909E+11,0,"[1, 1, 1, -44124, 3549153]"
258f1,258,-1540767744,0,"[1, 0, 0, 159, 1737]"
258g1,258,516,0,"[1, 0, 0, -2, 0]"
259a1,259,-469567,0,"[1, -1, 0, -5, -32]"
260a1,260,13520,0,"[0, -1, 0, -281, 1910]"
262a1,262,-268288,1,"[1, 0, 0, 1, 25]"
262b1,262,-262,1,"[1, -1, 0, -2, 2]"
264a1,264,33792,0,"[0, 1, 0, -8, 0]"
264b1,264,8448,0,"[0, -1, 0, -12, -12]"
264c1,264,-14256,0,"[0, 1, 0, 1, 6]"
264d1,264,24634368,0,"[0, 1, 0, -8016, -278928]"
265a1,265,6625,1,"[1, -1, 1, -138, 656]"
267a1,267,-2403,0,"[0, 1, 1, -3, 2]"
267b1,267,-11493474507,0,"[0, -1, 1, -441, 6419]"
268a1,268,-17152,0,"[0, -1, 0, 3, -7]"
269a1,269,269,1,"[0, 0, 1, -2, -1]"
270a1,270,-196830,0,"[1, -1, 0, -15, 35]"
270b1,270,-4423680,0,"[1, -1, 1, 7, -103]"
270c1,270,-270,0,"[1, -1, 1, -2, -1]"
270d1,270,-108000,0,"[1, -1, 0, -159, 813]"
272a1,272,17408,1,"[0, 1, 0, -8, 4]"
272b1,272,69632,1,"[0, 0, 0, -11, -6]"
272c1,272,4352,0,"[0, -1, 0, -4, 0]"
272d1,272,4456448,0,"[0, -1, 0, -48, -64]"
273a1,273,-361179,1,"[0, -1, 1, -26, 68]"
273b1,273,-1.1871E+13,0,"[0, 1, 1, 2540, -157433]"
274a1,274,-17536,1,"[1, 0, 0, -7, 9]"
274b1,274,-280576,1,"[1, -1, 0, -2846, 59156]"
274c1,274,548,1,"[1, -1, 0, -2, 0]"
275a1,275,-859375,1,"[1, -1, 1, 20, 22]"
275b1,275,-171875,0,"[0, 1, 1, -8, 19]"
277a1,277,-277,1,"[1, 0, 1, 0, -1]"
278a1,278,-35584,1,"[1, 0, 0, -1, 9]"
278b1,278,-11000295424,0,"[1, 0, 1, -537, 6908]"
280a1,280,-8960,1,"[0, -1, 0, -1, 5]"
280b1,280,-274400000,1,"[0, 0, 0, -412, 3316]"
282a1,282,-15593472,0,"[1, 1, 1, 58, -61]"
282b1,282,-108288,1,"[1, 1, 1, -15, 21]"
285a1,285,-438615,1,"[1, 0, 0, 19, 0]"
285b1,285,-135375,1,"[1, 1, 0, 2, -17]"
285c1,285,-15582375,0,"[1, 1, 0, 23, -176]"
286a1,286,-773344,0,"[1, 0, 1, -7, 42]"
286b1,286,-12886016,1,"[1, 1, 1, 13, 177]"
286c1,286,-12584,1,"[1, 1, 0, -33, 61]"
286d1,286,-1437646496,0,"[1, 1, 1, 280, 393]"
2860,286,-16749304,0,"[1, 1, 1, -66, -313]"
286f1,286,-286,0,"[1, 1, 1, 0, -1]"
288a1,288,-1728,1,"[0, 0, 0, 3, 0]"
288b1,288,419904,1,"[0, 0, 0, -21, -20]"
288c1,288,419904,0,"[0, 0, 0, -21, 20]"
288d1,288,46656,0,"[0, 0, 0, -9, 0]"
2880,288,-1259712,0,"[0, 0, 0, 27, 0]"
289a1,289,410338673,1,"[1, -1, 1, -199, 510]"
290a1,290,928000,1,"[1, -1, 0, -70, -204]"
291a1,291,-9.13189E+12,0,"[0, -1, 1, -2174, 151262]"
291b1,291,61732449,0,"[1, 1, 1, -169, 686]"
291c1,291,873,1,"[1, 1, 1, -3, 0]"
291d1,291,-291,0,"[0, -1, 1, 0, -1]"
294a1,294,-34588806,0,"[1, 1, 1, -50, 293]"
294b1,294,-294,0,"[1, 0, 0, -1, -1]"
294c1,294,-1897443072,0,"[1, 0, 0, -197, -2367]"
294d1,294,-2074464,0,"[1, 0, 1, 23, -52]"
2940,294,-2.44059E+11,0,"[1, 1, 0, 1151, 18901]"
294f1,294,-52298274672,0,"[1, 1, 0, 122, -10940]"
294g1,294,-444528,1,"[1, 0, 1, 2, 32]"
296a1,296,9472,1,"[0, -1, 0, -9, 13]"
296b1,296,9472,1,"[0, -1, 0, -33, 85]"
297a1,297,-2381643,1,"[0, 0, 1, -81, 290]"
297b1,297,-297,1,"[1, -1, 1, 1, 0]"
297c1,297,-216513,1,"[1, -1, 0, 12, -19]"
297d1,297,-3267,0,"[0, 0, 1, -9, -11]"
298a1,298,-76288,1,"[1, 0, 0, -19, 33]"
298b1,298,-298,1,"[1, -1, 0, 1, -1]"
300a1,300,-172800,0,"[0, -1, 0, -13, -23]"
300b1,300,-2700000000,0,"[0, 1, 0, -333, -3537]"
300c1,300,281250000,0,"[0, 1, 0, -333, 2088]"
300d1,300,18000,1,"[0, -1, 0, -13, 22]"
302a1,302,-4947968,1,"[1, 1, 1, -230, 1251]"
302b1,302,-9664,0,"[1, 1, 0, 1, 5]"
302c1,302,-4832,1,"[1, -1, 1, 0, 3]"
303a1,303,483079869,1,"[0, 1, 1, -197, -208]"
303b1,303,8181,1,"[0, 1, 1, -6, 2]"
304a1,304,-2490368,1,"[0, 1, 0, 0, -76]"
304b1,304,-622592,0,"[0, -1, 0, -248, -1424]"
304c1,304,-38912,1,"[0, -1, 0, -8, 16]"
304d1,304,-4864,0,"[0, -1, 0, -1, -3]"
3040,304,-77824,0,"[0, -1, 0, 11, -3]"
304f1,304,-4864,1,"[0, 1, 0, -21, 31]"
306a1,306,578207808,0,"[1, -1, 1, -2300, -41857]"
306b1,306,793152,1,"[1, -1, 0, -27, -27]"
306c1,306,256981248,0,"[1, -1, 0, -306, -1836]"
306d1,306,446148,0,"[1, -1, 1, -23, -21]"
307a1,307,-307,0,"[0, 0, 1, -8, -9]"
307b1,307,-307,0,"[1, 1, 0, 0, -1]"
307c1,307,-307,0,"[0, 0, 1, 1, -1]"
307d1,307,-307,0,"[0, -1, 1, 2, -1]"
308a1,308,-137984,1,"[0, -1, 0, -21, 49]"
309a1,309,-25029,1,"[1, 0, 0, -6, 9]"
310a1,310,-1240000,0,"[1, 1, 1, -66, -241]"
310b1,310,-3174400,1,"[1, 0, 0, -106, 420]"
312a1,312,-8112,0,"[0, 1, 0, -3, -6]"
312b1,312,1872,1,"[0, -1, 0, -3, 0]"
312c1,312,16848,0,"[0, 1, 0, -7, 2]"
312d1,312,1872,0,"[0, -1, 0, -39, 108]"
3120,312,2075690448,0,"[0, -1, 0, -651, 6228]"
312f1,312,-73008,1,"[0, 1, 0, 5, 14]"
314a1,314,-160768,1,"[1, -1, 0, 13, -11]"
315a1,315,-25515,0,"[0, 0, 1, -12, -18]"
315b1,315,76545,1,"[1, -1, 1, -23, -34]"
316a1,316,20224,0,"[0, -1, 0, -180, -872]"
316b1,316,20224,1,"[0, 0, 0, -7, -2]"
318a1,318,-25758,0,"[1, 1, 1, 2, -7]"
318b1,318,-11448,0,"[1, 0, 1, -61, 176]"
318c1,318,-77274,1,"[1, 1, 0, 7, -9]"
318d1,318,-976896,1,"[1, 1, 1, -12, 45]"
3180,318,-187564032,0,"[1, 1, 0, 142, 180]"
319a1,319,-9251,0,"[0, 0, 1, -37, -87]"
320a1,320,5120,0,"[0, 0, 0, -8, -8]"
320b1,320,5120,1,"[0, 0, 0, -8, 8]"
320c1,320,5120,0,"[0, -1, 0, -5, 5]"
320d1,320,-1600,0,"[0, -1, 0, 0, 2]"
3200,320,-1600,0,"[0, 1, 0, 0, -2]"
320f1,320,5120,1,"[0, 1, 0, -5, -5]"
322a1,322,-725788,1,"[1, -1, 0, -8, 44]"
322b1,322,-60669952,0,"[1, 1, 0, 35, 381]"
322c1,322,644,0,"[1, 1, 1, -4, 1]"
322d1,322,164864,1,"[1, 0, 0, -14, 4]"
323a1,323,-26977283,0,"[0, 0, 1, -46, 277]"
324a1,324,1296,0,"[0, 0, 0, -21, 37]"
324b1,324,-186624,0,"[0, 0, 0, 9, -18]"
324c1,324,11664,1,"[0, 0, 0, -9, 9]"
324d1,324,-20736,0,"[0, 0, 0, -39, 94]"
325a1,325,5078125,1,"[0, 1, 1, -83, 244]"
325b1,325,325,1,"[0, -1, 1, -3, 3]"
325c1,325,1015625,0,"[1, 1, 0, -25, 0]"
325d1,325,8125,0,"[0, 1, 1, -508, -4581]"
3250,325,9282325,0,"[0, -1, 1, -98, 378]"
326a1,326,83456,1,"[1, -1, 0, -80, -256]"
326b1,326,5216,1,"[1, 0, 0, -6, 4]"
326c1,326,2217342464,0,"[1, 0, 1, -355, 1182]"
327a1,327,-8829,1,"[1, 0, 0, 4, -3]"
328a1,328,41984,1,"[0, 0, 0, -11, -10]"
328b1,328,10496,0,"[0, -1, 0, -12, 20]"
329a1,329,-1896619529,0,"[1, 1, 1, 246, -1376]"
330a1,330,1069200,0,"[1, 1, 0, -1393, -20603]"
330b1,330,-126720,0,"[1, 0, 0, 5, 17]"
330c1,330,-1070530560,0,"[1, 1, 1, 255, 255]"
330d1,330,4.48455E+14,0,"[1, 1, 1, -40266, 2921559]"
3300,330,211200,1,"[1, 1, 0, -22, -44]"
331a1,331,-331,1,"[1, 0, 0, -5, 4]"
333a1,333,26973,1,"[0, 0, 1, -30, -63]"
333b1,333,-728271,1,"[1, -1, 0, 12, 35]"
333c1,333,-999,1,"[1, -1, 1, 1, -2]"
333d1,333,26973,0,"[0, 0, 1, -9, -7]"
334a1,334,-334,0,"[1, -1, 1, -1, -1]"
335a1,335,-1675,1,"[0, 0, 1, -2, 2]"
336a1,336,-21168,0,"[0, -1, 0, 7, 0]"
336b1,336,336,0,"[0, -1, 0, -7, 10]"
336c1,336,-1037232,0,"[0, 1, 0, -7, -52]"
336d1,336,-66060288,0,"[0, 1, 0, -64, -460]"
3360,336,-258048,1,"[0, -1, 0, 16, 0]"
336f1,336,-2352,0,"[0, 1, 0, -1, 2]"
338a1,338,-676,1,"[1, -1, 0, 1, 1]"
338b1,338,-3262922884,0,"[1, -1, 1, 137, 2643]"
338c1,338,-125497034,0,"[1, 0, 0, 81, 467]"
338d1,338,-84835994984,0,"[1, 1, 0, 504, -13112]"
3380,338,-17576,1,"[1, 1, 1, 3, -5]"
338f1,338,-8031810176,1,"[1, -1, 0, -454, 5812]"
339a1,339,-2224179,1,"[0, 1, 1, -441, 3422]"
339b1,339,-2224179,0,"[0, -1, 1, -112, 501]"
339c1,339,-3051,1,"[0, 1, 1, -2, 2]"
340a1,340,1360,1,"[0, 0, 0, -28, 57]"
342a1,342,-110808,0,"[1, -1, 1, -140, -601]"
342b1,342,13463172,0,"[1, -1, 1, -860, 9915]"
342c1,342,23934528,1,"[1, -1, 0, -72, 0]"
342d1,342,1495908,0,"[1, -1, 1, -29, 1]"
3420,342,2052,1,"[1, -1, 0, -3, 1]"
342f1,342,3.92143E+11,0,"[1, -1, 0, -3168, 62464]"
342g1,342,-443232,0,"[1, -1, 0, 0, -32]"
344a1,344,-11008,1,"[0, 0, 0, 4, 4]"
345a1,345,-646875,0,"[0, -1, 1, -731, -7369]"
345b1,345,-1035,1,"[0, 1, 1, -1, 1]"
345c1,345,-8500170375,0,"[1, 0, 1, 456, 2401]"
345d1,345,-46575,0,"[1, 0, 0, 9, 0]"
3450,345,-4927635,0,"[0, -1, 1, 30, -97]"
345f1,345,-18862875,1,"[0, 1, 1, -100, 406]"
346a1,346,346,0,"[1, 0, 0, -16, -26]"
346b1,346,22144,1,"[1, 1, 1, -7, -3]"
347a1,347,-347,1,"[0, 1, 1, 2, 0]"
348a1,348,-1392,1,"[0, -1, 0, 2, 1]"
348b1,348,-1392,0,"[0, 1, 0, -2, -3]"
348c1,348,-6657892848,0,"[0, -1, 0, -94, 3973]"
348d1,348,-1014768,1,"[0, 1, 0, -50, 129]"
350a1,350,-43750000,0,"[1, -1, 0, 58, -284]"
350b1,350,-153125000,0,"[1, 0, 0, 112, 392]"
350c1,350,-9800,1,"[1, 1, 0, 5, 5]"
350d1,350,-437500,0,"[1, 1, 1, -13, 31]"
3500,350,-9.8E+11,0,"[1, -1, 0, -4492, 126416]"
350f1,350,-62720000,1,"[1, -1, 1, -180, 1047]"
352a1,352,-45056,0,"[0, 1, 0, -45, -133]"
352b1,352,-45056,1,"[0, 1, 0, 3, 11]"
352c1,352,-45056,1,"[0, -1, 0, -45, 133]"
352d1,352,-45056,1,"[0, -1, 0, 3, -11]"
3520,352,-5451776,0,"[0, 0, 0, 8, -112]"
352f1,352,-5451776,1,"[0, 0, 0, 8, 112]"
353a1,353,-124609,0,"[1, 1, 1, -2, 16]"
354a1,354,708,0,"[1, 1, 1, -3, -3]"
354b1,354,-86022,0,"[1, 0, 1, 9, -8]"
354c1,354,-1376352,1,"[1, 1, 0, -715, 7069]"
354d1,354,25488,0,"[1, 1, 0, -34, -92]"
3540,354,4.87083E+12,0,"[1, 1, 1, -23511, -1393299]"
354f1,354,-67968,1,"[1, 1, 1, -5, 11]"
355a1,355,-8875,0,"[0, 1, 1, 5, -1]"
356a1,356,-22784,1,"[0, -1, 0, 4, -8]"
357a1,357,-5.27111E+12,0,"[0, -1, 1, 3565, 72914]"
357b1,357,-122451,1,"[0, -1, 1, -5, -16]"
357c1,357,-722211,0,"[0, 1, 1, 20, -17]"
357d1,357,-1821771,1,"[0, 1, 1, -42, 110]"
358a1,358,-23461888,0,"[1, 1, 0, 55, 197]"
358b1,358,-1432,0,"[1, 0, 0, -18, 28]"
359a1,359,359,1,"[1, 0, 1, -23, 39]"
359b1,359,359,1,"[1, -1, 1, -7, 8]"
360a1,360,524880,0,"[0, 0, 0, -138, -623]"
360b1,360,-138240,0,"[0, 0, 0, -3, -18]"
360c1,360,-100776960,0,"[0, 0, 0, -27, 486]"
360d1,360,-2799360,0,"[0, 0, 0, 33, 34]"
3600,360,58320,1,"[0, 0, 0, -18, -27]"
361a1,361,-6859,1,"[0, 0, 1, -38, 90]"
361b1,361,-893871739,0,"[0, -1, 1, 241, -17]"
362a1,362,-362,1,"[1, 1, 0, -4, 2]"
362b1,362,-23168,1,"[1, 1, 1, 6, 7]"
363a1,363,526153617,0,"[1, 1, 1, -789, 8130]"
363b1,363,-3267,0,"[0, -1, 1, 4, -1]"
363c1,363,-5787689787,0,"[0, -1, 1, 444, -826]"
364a1,364,-55933696,1,"[0, 0, 0, -584, 5444]"
364b1,364,-23296,1,"[0, 1, 0, -5, 7]"
366a1,366,-2196,0,"[1, 0, 0, -205, -1147]"
366b1,366,-474336,0,"[1, 0, 0, -5, 33]"
366c1,366,-863502336,0,"[1, 0, 1, -913, -10780]"
366d1,366,-12448473984,0,"[1, 1, 1, -7096, -233095]"
3660,366,-46848,0,"[1, 1, 0, -1, -11]"
366f1,366,-177876,1,"[1, 0, 1, -5, 20]"
366g1,366,-562176,1,"[1, 1, 1, -32, 65]"
368a1,368,-23552,1,"[0, 0, 0, 5, -6]"
368b1,368,-96468992,0,"[0, 0, 0, -163, 930]"
368c1,368,-368,0,"[0, 1, 0, -4, -5]"
368d1,368,-368,1,"[0, 1, 0, 0, -1]"
3680,368,-368,1,"[0, -1, 0, 2, -1]"
368f1,368,-368,0,"[0, 0, 0, -1, -1]"
368g1,368,-368,1,"[0, 0, 0, -55, 157]"
369a1,369,-89667,1,"[0, 0, 1, 6, 13]"
369b1,369,-7263027,0,"[0, 0, 1, -93, -369]"
370a1,370,2960,1,"[1, -1, 0, -5, 5]"
370b1,370,-378880,0,"[1, 1, 0, 13, -19]"
370c1,370,-50653000,0,"[1, 0, 1, -19, 342]"
370d1,370,18944000,0,"[1, 0, 0, -75, -143]"
371a1,371,-127253,1,"[1, 1, 0, -35, -98]"
371b1,371,-18179,0,"[0, 0, 1, -31, -67]"
372a1,372,-4464,1,"[0, -1, 0, -6, 9]"
372b1,372,-46128,0,"[0, 1, 0, -9, 12]"
372c1,372,-1.92161E+11,0,"[0, 1, 0, -3054, -69327]"
372d1,372,-40176,1,"[0, 1, 0, -2, 9]"
373a1,373,373,1,"[0, 1, 1, -2, -2]"
374a1,374,2106368,1,"[1, -1, 0, -32, 0]"
377a1,377,377,1,"[1, -1, 0, -8, 11]"
378a1,378,-96768,0,"[1, -1, 1, 10, 5]"
378b1,378,-74088,0,"[1, -1, 0, -12, 24]"
378c1,378,-4960116,0,"[1, -1, 1, -2, -107]"
378d1,378,-6804,1,"[1, -1, 0, 0, 4]"
3780,378,-592704,0,"[1, -1, 1, -11, -37]"
378f1,378,-756,1,"[1, -1, 0, -141, 681]"
378g1,378,-4.66842E+12,0,"[1, -1, 1, 3967, 38449]"
378h1,378,-6403870368,0,"[1, -1, 0, 441, -1571]"
380a1,380,28880,1,"[0, 0, 0, -8, -3]"
380b1,380,6516050000,0,"[0, -1, 0, -921, 10346]"
381a1,381,30861,1,"[0, 1, 1, -11, -16]"
381b1,381,381,0,"[0, 1, 1, -4, -5]"
384a1,384,768,0,"[0, 1, 0, -3, -3]"
384b1,384,-1152,0,"[0, -1, 0, 2, -2]"
384c1,384,-1152,0,"[0, 1, 0, 2, 2]"
384d1,384,768,1,"[0, -1, 0, -3, 3]"
3840,384,-93312,0,"[0, 1, 0, -6, -18]"
384f1,384,-93312,0,"[0, -1, 0, -6, 18]"
384g1,384,6912,0,"[0, -1, 0, -35, -69]"
384h1,384,6912,1,"[0, 1, 0, -35, 69]"
385a1,385,-2562175,1,"[1, -1, 1, -37, 124]"
385b1,385,-21175,1,"[1, 0, 0, 0, 7]"
387a1,387,-2539107,0,"[0, 0, 1, -174, -887]"
387b1,387,-846369,1,"[1, -1, 0, -15, -46]"
387c1,387,-1161,1,"[1, -1, 1, -2, 2]"
387d1,387,846369,0,"[1, -1, 1, -221, 1316]"
3870,387,-31347,0,"[0, 0, 1, -3, -9]"
389a1,389,389,2,"[0, 1, 1, -2, 0]"
390a1,390,9360,1,"[1, 1, 0, -13, 13]"
390b1,390,-249600,0,"[1, 1, 1, 15, 15]"
390c1,390,-561600,0,"[1, 0, 0, -6, 36]"
390d1,390,-4.09406E+12,0,"[1, 0, 1, 3997, 3998]"
3900,390,-35100,0,"[1, 1, 1, 4, -7]"
390f1,390,-998400,0,"[1, 1, 0, -52, -176]"
390g1,390,-2658140160,0,"[1, 0, 1, -289, 3092]"
392a1,392,-210827008,1,"[0, 0, 0, 49, -686]"
392b1,392,4519603984,0,"[0, 1, 0, -800, -8359]"
392c1,392,38416,1,"[0, -1, 0, -16, 29]"
392d1,392,-843308032,0,"[0, 1, 0, -16, 1392]"
3920,392,92236816,0,"[0, 0, 0, -343, -2401]"
392f1,392,784,1,"[0, 0, 0, -7, 7]"
395a1,395,-49375,0,"[1, -1, 1, -7, 14]"
395b1,395,-1234375,0,"[1, 1, 1, -40, -128]"
395c1,395,-246875,0,"[0, -1, 1, -50, 156]"
396a1,396,-7576222896,0,"[0, 0, 0, -696, -8215]"
396b1,396,-1154736,1,"[0, 0, 0, 24, 25]"
396c1,396,-2052864,0,"[0, 0, 0, 24, 52]"
398a1,398,-203776,0,"[1, 1, 0, -6, 20]"
399a1,399,543185433,1,"[1, 1, 0, -210, -441]"
399b1,399,25137,1,"[1, 1, 1, -13, -22]"
399c1,399,1008273,0,"[1, 0, 0, -431, 3408]"
400a1,400,1250000,1,"[0, 0, 0, -50, -125]"
400b1,400,-3276800,0,"[0, 1, 0, -48, -172]"
400c1,400,-5120000,1,"[0, -1, 0, -8, 112]"
400d1,400,2000,0,"[0, -1, 0, -3, 2]"
4000,400,1250000,0,"[0, 1, 0, -33, -62]"
400f1,400,31250000,0,"[0, 1, 0, -83, 88]"
400g1,400,-800000000,0,"[0, 0, 0, 125, 1250]"
400h1,400,-51200,1,"[0, 0, 0, 5, 10]"
402a1,402,-51456,1,"[1, 1, 0, -2, -12]"
402b1,402,51456,0,"[1, 0, 1, -10, -4]"
402c1,402,7236,0,"[1, 1, 1, -37, 71]"
402d1,402,-21100176,1,"[1, 0, 1, -145, 692]"
404a1,404,25856,1,"[0, 0, 0, -8, 4]"
404b1,404,25856,0,"[0, 1, 0, -69, 199]"
405a1,405,10125,0,"[0, 0, 1, -12, 15]"
405b1,405,3645,1,"[0, 0, 1, -18, 29]"
405c1,405,-405,1,"[1, -1, 0, 0, 1]"
405d1,405,-295245,1,"[1, -1, 1, -2, -26]"
4050,405,295245,0,"[0, 0, 1, -27, 47]"
405f1,405,405,1,"[0, 0, 1, -3, -2]"
406a1,406,-295386112,1,"[1, -1, 0, -302, 2260]"
406b1,406,-19120976,1,"[1, 0, 1, -15, 210]"
406c1,406,-363776,1,"[1, 1, 1, -102, 355]"
406d1,406,-9.26331E+11,0,"[1, 1, 0, -2124, -60592]"
408a1,408,156672,0,"[0, 1, 0, -48, -144]"
408b1,408,39168,0,"[0, 1, 0, -52, 128]"
408c1,408,-9814051584,0,"[0, -1, 0, 511, -1899]"
408d1,408,-1057536,1,"[0, 1, 0, -17, 51]"
410a1,410,65600,1,"[1, -1, 0, -14, 20]"
410b1,410,17196646400,0,"[1, -1, 1, -1387, -18501]"
410c1,410,10250000,0,"[1, 0, 1, -168, 806]"
410d1,410,262400,1,"[1, 0, 0, -16, 0]"
414a1,414,-195570288,0,"[1, -1, 1, -320, -2221]"
414b1,414,-603612,0,"[1, -1, 1, -14, -39]"
414c1,414,-2414448,1,"[1, -1, 0, 27, -59]"
414d1,414,-17169408,1,"[1, -1, 1, -92, 415]"
415a1,415,-51875,0,"[1, -1, 0, -109, -412]"
416a1,416,-6656,0,"[0, 1, 0, 0, -4]"
416b1,416,-6656,1,"[0, -1, 0, 0, 4]"
417a1,417,-2735937,0,"[1, 1, 0, 26, 73]"
418a1,418,836,0,"[1, -1, 1, -4, 3]"
418b1,418,-18833408,1,"[1, 1, 1, 66, -5]"
418c1,418,-4598,0,"[1, -1, 1, -6, -5]"
420a1,420,2.39203E+12,0,"[0, -1, 0, -4061, 67590]"
420b1,420,680400,0,"[0, -1, 0, -565, 5362]"
420c1,420,75600,0,"[0, 1, 0, -61, 164]"
420d1,420,8400,0,"[0, 1, 0, -5, 0]"
422a1,422,-3376,1,"[1, -1, 0, 1, -3]"
423a1,423,102789,1,"[0, 0, 1, -12, 4]"
423b1,423,-24977727,0,"[1, -1, 0, -72, 355]"
423c1,423,-2775303,1,"[1, -1, 0, -18, -81]"
423d1,423,925101,0,"[0, 0, 1, -81, -277]"
4230,423,74933181,0,"[0, 0, 1, -111, -171]"
423f1,423,102789,1,"[0, 0, 1, -237, 1404]"
423g1,423,1269,1,"[0, 0, 1, -9, 10]"
425a1,425,265625,1,"[1, -1, 0, -17, 16]"
425b1,425,-6640625,1,"[1, 1, 0, -75, 250]"
425c1,425,-425,1,"[1, 0, 0, -3, 2]"
425d1,425,6640625,1,"[1, 0, 0, -213, -1208]"
426a1,426,-552096,0,"[1, 0, 0, -20, 48]"
426b1,426,-53001216,1,"[1, 1, 0, -286, 1780]"
426c1,426,-5.21611E+11,0,"[1, 0, 1, -23007, 1341682]"
427a1,427,-427,0,"[0, -1, 1, -1, -1]"
427b1,427,427,1,"[1, 0, 1, -8, 7]"
427c1,427,20923,1,"[1, 0, 0, -28, -59]"
428a1,428,-1712,0,"[0, 1, 0, -157, -812]"
428b1,428,-1712,1,"[0, -1, 0, 3, -2]"
429a1,429,-1287,1,"[1, 1, 1, 2, 2]"
429b1,429,-938223,1,"[1, 0, 0, -24, 63]"
430a1,430,-1720,1,"[1, -1, 0, -20, 40]"
430b1,430,-268750,1,"[1, -1, 0, 16, -10]"
430c1,430,-110080,1,"[1, 0, 0, 4, 16]"
430d1,430,-4403200000,1,"[1, 0, 0, -1415, 20617]"
431a1,431,-431,1,"[1, 0, 0, 0, -1]"
431b1,431,-431,0,"[1, -1, 1, -9, -8]"
432a1,432,-110592,0,"[0, 0, 0, 0, -16]"
432b1,432,-6912,1,"[0, 0, 0, 0, -4]"
432c1,432,-362797056,0,"[0, 0, 0, -27, -918]"
432d1,432,-497664,1,"[0, 0, 0, -3, 34]"
4320,432,-221184,0,"[0, 0, 0, -51, -142]"
432f1,432,-884736,1,"[0, 0, 0, 21, 26]"
432g1,432,-45349632,0,"[0, 0, 0, -108, 540]"
432h1,432,-62208,0,"[0, 0, 0, -12, -20]"
433a1,433,-433,2,"[1, 0, 0, 0, 1]"
434a1,434,13888,1,"[1, -1, 0, -7, -3]"
434b1,434,-111104,0,"[1, 0, 0, -4, 16]"
434c1,434,-297724,0,"[1, 1, 1, -32, 61]"
434d1,434,-1555456,1,"[1, 0, 0, 21, 49]"
4340,434,-1736,0,"[1, -1, 1, -2364, -43641]"
435a1,435,-3915,0,"[0, 1, 1, -11, 11]"
435b1,435,-550546875,0,"[0, -1, 1, 79, -1123]"
435c1,435,1305,0,"[1, 0, 1, -28, 53]"
435d1,435,951345,0,"[1, 0, 0, -30, -45]"
437a1,437,-5316979,1,"[0, -1, 1, 19, 100]"
437b1,437,-10051,0,"[0, -1, 1, 0, -5]"
438a1,438,13950517248,0,"[1, 0, 0, -938, -9564]"
438b1,438,2628,0,"[1, 0, 0, -13, -19]"
438c1,438,10512,1,"[1, 1, 0, -5, -3]"
438d1,438,2482892352,1,"[1, 0, 1, -1946, 32780]"
4380,438,10764288,0,"[1, 0, 1, -130, -556]"
438f1,438,168192,1,"[1, 1, 1, -19, 17]"
438g1,438,23652,1,"[1, 0, 1, -8, 2]"
440a1,440,242000,1,"[0, 0, 0, -38, -87]"
440b1,440,-4400,1,"[0, 0, 0, 2, -3]"
440c1,440,242000,0,"[0, 0, 0, -5042, 137801]"
440d1,440,-2816000,0,"[0, 0, 0, -67, -226]"
441a1,441,-7626831723,0,"[0, 0, 1, 0, -4202]"
441b1,441,-64827,1,"[0, 0, 1, 0, 12]"
441c1,441,-5403265623,1,"[1, -1, 0, 432, -869]"
441d1,441,-250047,1,"[1, -1, 1, -20, 46]"
4410,441,-12607619787,0,"[0, 0, 1, -1029, -13806]"
441f1,441,-107163,1,"[0, 0, 1, -21, 40]"
442a1,442,3321188,0,"[1, -1, 1, -94, 361]"
442b1,442,212556032,1,"[1, -1, 1, -172, -465]"
442c1,442,735488,0,"[1, 1, 0, -54, -172]"
442d1,442,11492,0,"[1, 1, 1, -9, -13]"
4420,442,1.7009E+17,0,"[1, 1, 1, -144951, 7520141]"
443a1,443,-443,1,"[0, 1, 1, 1, 1]"
443b1,443,443,1,"[1, 0, 0, -3, -2]"
443c1,443,443,0,"[1, 0, 1, -84, -301]"
444a1,444,5328,0,"[0, -1, 0, -13, -14]"
444b1,444,47952,1,"[0, 1, 0, -9, 0]"
446a1,446,14272,1,"[1, 1, 0, -30, 52]"
446b1,446,3653632,1,"[1, 1, 1, -39, -35]"
446c1,446,-14272,0,"[1, 1, 1, 2, -5]"
446d1,446,892,2,"[1, -1, 0, -4, 4]"
448a1,448,-114688,1,"[0, 0, 0, 4, 16]"
448b1,448,-114688,1,"[0, 0, 0, 4, -16]"
448c1,448,-7340032,0,"[0, -1, 0, -33, 161]"
448d1,448,-28672,0,"[0, -1, 0, 7, -7]"
4480,448,-458752,0,"[0, -1, 0, -1, 33]"
448f1,448,-7340032,0,"[0, 1, 0, -33, -161]"
448g1,448,-28672,1,"[0, 1, 0, 7, 7]"
448h1,448,-458752,0,"[0, 1, 0, -1, -33]"
450a1,450,-17085937500,0,"[1, -1, 1, -680, 9447]"
450b1,450,-911250,0,"[1, -1, 1, -5, 47]"
450c1,450,-1093500,1,"[1, -1, 0, -27, 81]"
450d1,450,-583200,0,"[1, -1, 0, -27, -59]"
4500,450,-210937500,0,"[1, -1, 1, 145, 147]"
450f1,450,-135000000,1,"[1, -1, 0, -192, 1216]"
450g1,450,-24603750000,0,"[1, -1, 0, 333, -7259]"
451a1,451,-18491,1,"[0, 1, 1, 3, 7]"
455a1,455,3901625,1,"[1, -1, 0, -50, 111]"
455b1,455,3185,1,"[1, -1, 1, -67, 226]"
456a1,456,58368,0,"[0, -1, 0, -16, 28]"
456b1,456,131328,0,"[0, 1, 0, -172, -928]"
456c1,456,-3545856,1,"[0, 1, 0, -57, 171]"
456d1,456,-15803136,1,"[0, -1, 0, 55, 93]"
458a1,458,3664,1,"[1, -1, 0, -19, 37]"
458b1,458,234496,1,"[1, 1, 1, -16, -15]"
459a1,459,-459,1,"[1, -1, 0, 0, -1]"
459b1,459,-7803,1,"[0, 0, 1, 3, -4]"
459c1,459,-459,0,"[0, 0, 1, -6, -6]"
459d1,459,-334611,0,"[0, 0, 1, -351, 2531]"
4590,459,-5688387,0,"[0, 0, 1, 27, 101]"
459f1,459,-334611,0,"[0, 0, 1, -54, 155]"
459g1,459,-459,0,"[0, 0, 1, -39, -94]"
459h1,459,-334611,1,"[1, -1, 1, -2, 28]"
460a1,460,-29440,0,"[0, 0, 0, -8, -12]"
460b1,460,-2574537200,0,"[0, 0, 0, -73, 2453]"
460c1,460,-121670000,1,"[0, 1, 0, -46, 529]"
460d1,460,-9200,1,"[0, -1, 0, -10, 17]"
462a1,462,-274428,1,"[1, 1, 0, 5, -23]"
462b1,462,15259926528,0,"[1, 1, 0, -644, -2352]"
462c1,462,-3696,1,"[1, 1, 0, 4, 0]"
462d1,462,-1.10545E+16,0,"[1, 0, 1, -1676, 5058506]"
4620,462,-6119866368,1,"[1, 1, 1, -405, 4731]"
462f1,462,-723148272,0,"[1, 0, 0, -97, 1337]"
462g1,462,-39517632,0,"[1, 0, 0, 77, 161]"
464a1,464,-29696,1,"[0, 1, 0, 8, 4]"
464b1,464,-29696,1,"[0, -1, 0, -80, 304]"
464c1,464,-121634816,0,"[0, 1, 0, 80, -428]"
464d1,464,-7424,0,"[0, -1, 0, -4, -4]"
4640,464,-215296,0,"[0, 1, 0, -4, -24]"
464f1,464,-7424,0,"[0, 0, 0, -4831, 129242]"
464g1,464,-475136,0,"[0, 0, 0, -19, -46]"
465a1,465,-129735,1,"[1, 1, 0, -7, 16]"
465b1,465,465,1,"[1, 0, 0, -10, -13]"
466a1,466,932,0,"[1, 1, 0, -5, -7]"
466b1,466,-14912,0,"[1, 0, 0, -23, 41]"
467a1,467,-467,1,"[0, 0, 1, -4, 3]"
468a1,468,-12338352,0,"[0, 0, 0, -168, -855]"
468b1,468,-8994658608,0,"[0, 0, 0, -1512, 23085]"
468c1,468,151632,1,"[0, 0, 0, -36, 81]"
468d1,468,110539728,0,"[0, 0, 0, -120, -11]"
4680,468,1364688,0,"[0, 0, 0, -48, -115]"
469a1,469,1126069,1,"[1, 0, 1, -80, -275]"
469b1,469,469,1,"[1, -1, 1, -12, 18]"
470a1,470,60160,1,"[1, 0, 1, -44, 106]"
470b1,470,1504000,0,"[1, 0, 1, -5773, 168328]"
470c1,470,14687500,1,"[1, 1, 0, -97, 281]"
470d1,470,15040,0,"[1, 0, 0, -36, 80]"
4700,470,3760,1,"[1, 1, 1, -11, 9]"
470f1,470,96256000,1,"[1, -1, 1, -117, 141]"
471a1,471,-1413,1,"[1, 1, 1, 1, 2]"
472a1,472,-944,1,"[0, 0, 0, 2, 1]"
472b1,472,-15104,0,"[0, -1, 0, -276, -1676]"
472c1,472,-120832,0,"[0, -1, 0, 8, 12]"
472d1,472,-60416,0,"[0, 0, 0, -19, -34]"
4720,472,-15104,1,"[0, -1, 0, 4, 4]"
473a1,473,-2461019,1,"[0, 1, 1, -1006, 11952]"
474a1,474,-34947072,1,"[1, 1, 0, 81, -27]"
474b1,474,-76788,1,"[1, 0, 1, -7, 14]"
475a1,475,-296875,0,"[0, -1, 1, 17, -7]"
475b1,475,-37109375,1,"[1, -1, 0, 8, 291]"
475c1,475,-2375,1,"[1, -1, 1, 0, 2]"
477a1,477,-38637,1,"[1, -1, 0, 3, -10]"
480a1,480,14400,1,"[0, -1, 0, -6, 0]"
480b1,480,14400,0,"[0, -1, 0, -10, -8]"
480c1,480,14400,0,"[0, 1, 0, -6, 0]"
480d1,480,29160000,0,"[0, 1, 0, -226, -1360]"
4800,480,29160000,0,"[0, -1, 0, -226, 1360]"
480f1,480,129600,1,"[0, -1, 0, -30, 72]"
480g1,480,14400,0,"[0, 1, 0, -10, 8]"
480h1,480,129600,0,"[0, 1, 0, -30, -72]"
481a1,481,81289,1,"[1, -1, 0, -1693, 27240]"
482a1,482,-3948544,1,"[1, 0, 1, -44, -150]"
483a1,483,-20696067,0,"[0, 1, 1, -96, -457]"
483b1,483,-483,0,"[0, 1, 1, 2, 1]"
484a1,484,-4988715776,1,"[0, 1, 0, 323, 2671]"
485a1,485,114084125,0,"[0, 1, 1, -121, -64]"
485b1,485,485,1,"[0, 0, 1, -2, 0]"
486a1,486,-15552,1,"[1, -1, 0, 3, 5]"
486b1,486,1944,1,"[1, -1, 0, -6, -4]"
486c1,486,17496,0,"[1, -1, 0, -123, 557]"
486d1,486,-972,0,"[1, -1, 1, -20, -29]"
4860,486,486,0,"[1, -1, 1, -11, -11]"
486f1,486,1119744,1,"[1, -1, 1, -29, 37]"
490a1,490,-115296020,1,"[1, 0, 1, 121, 46]"
490b1,490,-784000,0,"[1, 1, 0, 17, -27]"
490c1,490,-92236816000,0,"[1, 0, 1, 807, 11708]"
490d1,490,-980,1,"[1, 1, 0, 3, 1]"
4900,490,-96040,0,"[1, 0, 0, -1, -15]"
490f1,490,-115296020,0,"[1, -1, 1, -6453, 201121]"
490g1,490,-8780800,1,"[1, 0, 0, -71, 265]"
490h1,490,-329417200,0,"[1, -1, 1, 113, 711]"
490i1,490,-11299009960,0,"[1, 1, 1, -50, 5095]"
490j1,490,-1.03305E+12,0,"[1, 1, 1, -3480, -94375]"
490k1,490,-980,0,"[1, -1, 1, -132, -549]"
492a1,492,-31488,1,"[0, -1, 0, -13, 25]"
492b1,492,-206592768,1,"[0, 1, 0, 11, 695]"
493a1,493,-2.46621E+14,0,"[1, -1, 1, -7741, 801682]"
493b1,493,-7048421,1,"[1, -1, 1, -57, 222]"
494a1,494,-150176,1,"[1, 1, 0, 13, 13]"
494b1,494,-3952,0,"[1, -1, 0, 4, 0]"
494c1,494,-9386,0,"[1, -1, 0, -61, -169]"
494d1,494,-6497214464,1,"[1, 1, 1, -1001, 12375]"
495a1,495,-40095,1,"[1, -1, 1, 7, -8]"
496a1,496,-496,1,"[0, 0, 0, 1, 1]"
496b1,496,-496,0,"[0, -1, 0, 0, -1]"
496c1,496,-31744,0,"[0, -1, 0, 8, 0]"
496d1,496,-496,0,"[0, -1, 0, -2, -1]"
4960,496,-496,1,"[0, 0, 0, -17, 27]"
496f1,496,-2031616,1,"[0, 0, 0, -11, -70]"
497a1,497,-1193297,1,"[1, 1, 0, 25, -14]"
498a1,498,996,0,"[1, 0, 1, -5, -4]"
498b1,498,-322704,1,"[1, 0, 1, -9, 28]"
501a1,501,-1503,0,"[1, 1, 0, 3, 0]"
503a1,503,-503,1,"[1, 0, 1, -32, -71]"
503b1,503,-503,0,"[1, -1, 0, 2, -1]"
503c1,503,-503,0,"[1, 0, 0, -210, -1189]"
504a1,504,-21168,1,"[0, 0, 0, -6, 9]"
504b1,504,2204496,0,"[0, 0, 0, -54, -135]"
504c1,504,-1306368,0,"[0, 0, 0, 9, -54]"
504d1,504,-15431472,0,"[0, 0, 0, -54, -243]"
5040,504,3024,1,"[0, 0, 0, -6, 5]"
504f1,504,244944,1,"[0, 0, 0, -66, 205]"
504g1,504,-756142128,0,"[0, 0, 0, -66, -1339]"
504h1,504,-5225472,0,"[0, 0, 0, -3, 110]"
505a1,505,505,1,"[1, -1, 0, -10, 15]"
506a1,506,32384,1,"[1, 0, 1, -48, -130]"
506b1,506,3585639464,0,"[1, -1, 0, -290561, 60356981]"
506c1,506,61226,0,"[1, 0, 1, -12, 8]"
506d1,506,118533536,1,"[1, -1, 0, -935, 11229]"
5060,506,2024,1,"[1, -1, 1, -4, -1]"
506f1,506,2072576,1,"[1, 0, 0, -86, 292]"
507a1,507,-7341576489,1,"[1, 1, 0, -1693, 26434]"
507b1,507,-1521,1,"[1, 1, 1, -10, 8]"
507c1,507,-188245551,1,"[1, 1, 1, 81, -564]"
510a1,510,-8.28431E+11,0,"[1, 1, 0, -2673, 67797]"
510b1,510,-639221760,0,"[1, 0, 1, -723, -7634]"
510c1,510,-1404540,0,"[1, 1, 1, 14, 59]"
510d1,510,15667200,1,"[1, 1, 1, -101, 299]"
5100,510,-16711680,0,"[1, 1, 1, -80, 305]"
510f1,510,-4080,0,"[1, 0, 0, 4, 0]"
510g1,510,-62424000,0,"[1, 0, 0, 25, -375]"
513a1,513,-3365793,1,"[1, -1, 0, -42, -127]"
513b1,513,-4617,1,"[1, -1, 1, -5, 6]"
514a1,514,16842752,1,"[1, -1, 1, -91, -245]"
514b1,514,4112,1,"[1, 0, 0, -4, 0]"
516a1,516,-33024,0,"[0, -1, 0, -4, -8]"
516b1,516,-891648,1,"[0, -1, 0, 11, -47]"
516c1,516,-88752,0,"[0, 1, 0, -13, -28]"
516d1,516,-216670464,0,"[0, 1, 0, -44, -732]"
517a1,517,-2940179,0,"[0, -1, 1, 36, -3]"
517b1,517,-24299,0,"[0, 0, 1, -16, -26]"
517c1,517,-6494855411,1,"[0, -1, 1, -52, -3863]"
520a1,520,16640,1,"[0, 0, 0, -23, 42]"
520b1,520,16640,0,"[0, -1, 0, -20, -28]"
522a1,522,-18265824,1,"[1, -1, 0, 12, -208]"
522b1,522,-3284140032,0,"[1, -1, 0, -2046, 36244]"
522c1,522,-1317006,0,"[1, -1, 0, -6, -54]"
522d1,522,-5918126976,0,"[1, -1, 0, -9, -3699]"
5220,522,-1141614,1,"[1, -1, 0, -45, 139]"
522f1,522,-21648384,1,"[1, -1, 0, 45, -203]"
522g1,522,-2.39414E+12,0,"[1, -1, 1, -18416, -960173]"
522h1,522,-6264,0,"[1, -1, 1, -146, 713]"
522i1,522,-25056,1,"[1, -1, 1, 1, 7]"
522j1,522,-519561216,1,"[1, -1, 1, -509, 4677]"
522k1,522,-1014768,0,"[1, -1, 1, 4, 47]"
522l1,522,-84564,0,"[1, -1, 1, -11, -17]"
522m1,522,-4.52899E+17,0,"[1, -1, 1, -69341, -33115291]"
524a1,524,-33536,1,"[0, 1, 0, -309, 1991]"
525a1,525,1640625,1,"[1, 1, 1, -63, 156]"
525b1,525,-984375,0,"[1, 1, 0, 25, 0]"
525c1,525,369140625,1,"[1, 1, 0, -450, 3375]"
525d1,525,23625,1,"[1, 0, 0, -18, 27]"
528a1,528,33792,1,"[0, -1, 0, -8, 0]"
528b1,528,-14256,0,"[0, -1, 0, 1, -6]"
528c1,528,24634368,0,"[0, -1, 0, -8016, 278928]"
528d1,528,8448,0,"[0, 1, 0, -12, 12]"
5280,528,-1584,0,"[0, -1, 0, 3, 0]"
528f1,528,11211374592,0,"[0, -1, 0, -720, -5184]"
528g1,528,4866048,1,"[0, -1, 0, -88, -272]"
528h1,528,1216512,1,"[0, 1, 0, -104, 372]"
528i1,528,-10392624,0,"[0, 1, 0, -77, -330]"
528j1,528,2162688,0,"[0, 1, 0, -32, -12]"
530a1,530,-14887700,0,"[1, 0, 1, -14, -188]"
530b1,530,4240,1,"[1, -1, 0, -4, 0]"
530c1,530,-5.3E+11,1,"[1, -1, 0, 1226, 30580]"
530d1,530,-84800,1,"[1, 1, 1, 9, 13]"
532a1,532,-14896,0,"[0, 0, 0, 4, 5]"
534a1,534,51264,1,"[1, 1, 1, -14, 11]"
537a1,537,-285383817,0,"[1, 1, 0, -120, 909]"
537b1,537,-1611,0,"[0, 1, 1, -75, -277]"
537c1,537,-130491,0,"[0, 1, 1, 13, 5]"
537d1,537,-537,0,"[1, 0, 1, 1, -1]"
5370,537,-10569771,0,"[0, 1, 1, -340, 2308]"
539a1,539,-63412811,0,"[0, -1, 1, -4377, -110013]"
539b1,539,-63412811,0,"[0, 0, 1, 98, -86]"
539c1,539,-4882786447,1,"[1, 0, 1, 170, -3237]"
539d1,539,-1294139,1,"[0, 1, 1, -16, -66]"
540a1,540,-2160,0,"[0, 0, 0, -33, 73]"
540b1,540,-2160,1,"[0, 0, 0, 3, 1]"
540c1,540,-125971200,1,"[0, 0, 0, -648, 6372]"
540d1,540,-1574640,1,"[0, 0, 0, 27, -27]"
5400,540,-172800,0,"[0, 0, 0, -72, -236]"
540f1,540,-54000,0,"[0, 0, 0, 3, -11]"
542a1,542,-4440064,0,"[1, 1, 1, -37, -149]"
542b1,542,-34688,1,"[1, 1, 1, -8, 9]"
544a1,544,1088,1,"[0, 0, 0, -5, 4]"
544b1,544,1088,0,"[0, -1, 0, -22, 48]"
544c1,544,1088,0,"[0, 1, 0, -22, -48]"
544d1,544,1088,0,"[0, 0, 0, -5, -4]"
5440,544,1088,0,"[0, -1, 0, -6, 8]"
544f1,544,1088,0,"[0, 1, 0, -6, -8]"
545a1,545,13625,1,"[1, -1, 0, -284, 1915]"
546a1,546,-2167074,0,"[1, 1, 0, -108, -486]"
546b1,546,-8736,0,"[1, 0, 1, -8, -10]"
546c1,546,628992,1,"[1, 0, 1, -57, -164]"
546d1,546,-14329224,0,"[1, 0, 1, 13, 182]"
5460,546,-7.4503E+14,0,"[1, 1, 1, -100484, -12372091]"
546f1,546,-2.99701E+12,0,"[1, 0, 0, 714, -82908]"
546g1,546,4368,0,"[1, 0, 0, -7, -7]"
549a1,549,-1647,1,"[1, -1, 0, 3, 0]"
549b1,549,-1200663,1,"[1, -1, 1, 25, -26]"
549c1,549,-44469,0,"[1, -1, 0, -18, -27]"
550a1,550,-6875000,1,"[1, 1, 0, -25, 125]"
550b1,550,-17187500000,0,"[1, 0, 1, 249, -6102]"
550c1,550,-563200,0,"[1, 0, 1, -206, -1152]"
550d1,550,-8593750,0,"[1, 0, 1, 49, 48]"
5500,550,-44000000000,0,"[1, -1, 0, -367, 10541]"
550f1,550,-42968750,1,"[1, 0, 1, -701, -7202]"
550g1,550,-22000,1,"[1, 0, 1, -6, 8]"
550h1,550,-550,0,"[1, 1, 1, 2, 1]"
550i1,550,-13310000000,1,"[1, 1, 1, -2213, 39531]"
550j1,550,-2816000,1,"[1, -1, 1, -15, 87]"
550k1,550,-2750,0,"[1, 1, 1, -28, -69]"
550l1,550,-343750000,0,"[1, 1, 1, -138, 1031]"
550m1,550,-8800000000,0,"[1, 1, 1, -5138, -143969]"
551a1,551,-10469,1,"[1, 0, 1, 1, -5]"
551b1,551,-10469,1,"[1, 0, 0, -11, 14]"
551c1,551,-7.51746E+11,1,"[0, 1, 1, -2376, -61851]"
551d1,551,-15979,1,"[0, 1, 1, -116, 444]"
552a1,552,-17169408,1,"[0, -1, 0, -64, -260]"
552b1,552,-28162121472,0,"[0, -1, 0, -2908, 61876]"
552c1,552,-52992,0,"[0, -1, 0, 4, -12]"
552d1,552,9936,1,"[0, -1, 0, -207, -1080]"
5520,552,-476928,1,"[0, 1, 0, -4, 32]"
555a1,555,-346875,0,"[0, 1, 1, -1, -29]"
555b1,555,-66363694875,0,"[0, 1, 1, -2405, -47869]"
556a1,556,-2224,1,"[0, 0, 0, -8, 9]"
557a1,557,-557,1,"[1, 1, 0, 0, 1]"
557b1,557,557,0,"[0, -1, 1, -268, 1781]"
558a1,558,-1674,1,"[1, -1, 0, 0, 2]"
558b1,558,-25739424,0,"[1, -1, 0, -48, 288]"
558c1,558,-361584,0,"[1, -1, 0, -6, -28]"
558d1,558,-175729824,1,"[1, -1, 0, 135, -243]"
5580,558,-1220346,0,"[1, -1, 1, -2, -53]"
558f1,558,-27426816,1,"[1, -1, 1, 46, 209]"
558g1,558,-8678016,1,"[1, -1, 1, -149, 749]"
558h1,558,-8006690106,0,"[1, -1, 1, -752, 9213]"
560a1,560,-8960,0,"[0, 1, 0, -1, -5]"
560b1,560,-274400000,0,"[0, 0, 0, -412, -3316]"
560c1,560,-143360,0,"[0, -1, 0, -21, -35]"
560d1,560,-11468800,1,"[0, 0, 0, 37, 138]"
5600,560,-21512960,1,"[0, 0, 0, 32, -212]"
560f1,560,-224000,1,"[0, -1, 0, -5, 25]"
561a1,561,-11042163,0,"[0, -1, 1, -3729, -86416]"
561b1,561,-24640803,1,"[0, 1, 1, -269, 1628]"
561c1,561,-15147,1,"[0, 1, 1, -8, 8]"
561d1,561,561,0,"[1, 0, 0, -12, 15]"
562a1,562,4496,0,"[1, 1, 0, -4, 0]"
563a1,563,-563,2,"[1, 1, 1, -15, 16]"
564a1,564,2923776,1,"[0, -1, 0, -221, -1191]"
564b1,564,324864,1,"[0, 1, 0, -37, 71]"
565a1,565,-14125,0,"[1, 0, 1, -19, -33]"
566a1,566,-4528,1,"[1, -1, 0, -2, 4]"
566b1,566,-566,0,"[1, 0, 0, 1, -1]"
567a1,567,-3969,1,"[1, -1, 0, 0, -3]"
567b1,567,-2893401,1,"[1, -1, 1, -2, 82]"
568a1,568,145408,0,"[0, -1, 0, -72, -212]"
570a1,570,-12476160,1,"[1, 1, 0, -98, 372]"
570b1,570,-350208000,0,"[1, 1, 0, -78, -972]"
570c1,570,-2166000,1,"[1, 1, 0, -17, 69]"
570d1,570,-1.1774E+14,0,"[1, 0, 1, 3676, -514654]"
5700,570,-218880,1,"[1, 0, 1, 12, -14]"
570f1,570,-110808000,0,"[1, 0, 1, -23, 506]"
570g1,570,22800,0,"[1, 1, 1, -31, 53]"
570h1,570,-3420,0,"[1, 1, 1, 0, -3]"
570i1,570,-40535043840,0,"[1, 1, 1, -1900, 32525]"
570j1,570,-1817528220,0,"[1, 0, 0, -1456, -21604]"
570k1,570,-2.04409E+13,0,"[1, 0, 0, -25871, 1614201]"
570l1,570,-2.87451E+14,0,"[1, 0, 0, 9335, -737383]"
570m1,570,-123120,0,"[1, 0, 0, -10, 20]"
571a1,571,-571,0,"[0, -1, 1, -929, -10595]"
571b1,571,-571,2,"[0, 1, 1, -4, 2]"
572a1,572,-57584384,0,"[0, 1, 0, 91, -121]"
573a1,573,-1719,0,"[1, 0, 0, 3, 0]"
573b1,573,46413,0,"[0, 1, 1, -1422, -21121]"
573c1,573,5157,1,"[0, 1, 1, -4, -2]"
574a1,574,574,1,"[1, 1, 0, -2, -2]"
574b1,574,100803584,1,"[1, 1, 0, -2061, 35165]"
574c1,574,32915456,0,"[1, 1, 0, -84, 80]"
574d1,574,-9.90562E+15,0,"[1, 0, 1, -31679, 5254674]"
5740,574,2296,0,"[1, -1, 0, -40, -88]"
574f1,574,15438304,1,"[1, 0, 1, -80, 190]"
574g1,574,587776,1,"[1, 1, 1, -21, -5]"
574h1,574,-18368,1,"[1, -1, 1, 3, 5]"
574i1,574,7.08109E+13,1,"[1, -1, 1, -19353, 958713]"
574j1,574,22050784,0,"[1, 1, 1, -175, 789]"
575a1,575,575,1,"[1, -1, 0, -2, 1]"
575b1,575,-1123046875,1,"[0, 0, 1, 175, -1344]"
575c1,575,-44921875,0,"[0, -1, 1, -458, 3943]"
575d1,575,8984375,1,"[1, -1, 1, -55, 72]"
5750,575,-2875,1,"[0, 1, 1, -18, 24]"
576a1,576,-27648,1,"[0, 0, 0, 0, 8]"
576b1,576,139968,0,"[0, 0, 0, -39, -92]"
576c1,576,139968,0,"[0, 0, 0, -39, 92]"
576d1,576,-2239488,0,"[0, 0, 0, 24, -56]"
5760,576,-27648,0,"[0, 0, 0, 0, -8]"
576f1,576,1728,0,"[0, 0, 0, -3, 0]"
576g1,576,1259712,0,"[0, 0, 0, -27, 0]"
576h1,576,-46656,1,"[0, 0, 0, 9, 0]"
576i1,576,-2239488,1,"[0, 0, 0, 24, 56]"
578a1,578,26261675072,0,"[1, 1, 1, -873, 5783]"
579a1,579,-46899,0,"[0, -1, 1, -2, 11]"
579b1,579,1737,1,"[1, 0, 0, -3, 0]"
580a1,580,11600,1,"[0, 0, 0, -8, -7]"
580b1,580,1682000,1,"[0, 0, 0, -32, -31]"
582a1,582,55872,1,"[1, 1, 0, -15, -27]"
582b1,582,1.90033E+12,0,"[1, 1, 1, -46658, -3898033]"
582c1,582,893952,1,"[1, 1, 1, -34, 47]"
582d1,582,125712,0,"[1, 0, 0, -14, -12]"
583a1,583,-30899,0,"[0, 1, 1, 6, -5]"
583b1,583,-2179708157,0,"[1, 1, 0, -358, -3595]"
583c1,583,-10502230211,0,"[0, 0, 1, 491, -2603]"
585a1,585,-159924375,1,"[1, -1, 1, -218, 1432]"
585b1,585,-296595,0,"[0, 0, 1, 12, -21]"
585c1,585,-219375,0,"[1, -1, 0, -24, -45]"
585d1,585,-43875,1,"[0, 0, 1, -42, 105]"
5850,585,-17513638155,0,"[0, 0, 1, -1713, -28022]"
585f1,585,3838185,1,"[1, -1, 0, -990, -11745]"
585g1,585,-142155,1,"[0, 0, 1, -3, 18]"
585h1,585,47385,1,"[1, -1, 0, -9, 0]"
585i1,585,-19990546875,1,"[0, 0, 1, -597, 8820]"
586a1,586,-2344,0,"[1, 1, 0, -1, -3]"
586b1,586,-76808192,1,"[1, 1, 1, -18, 415]"
586c1,586,-4688,1,"[1, 1, 1, -9, 7]"
588a1,588,-149361408,0,"[0, -1, 0, 131, -167]"
588b1,588,-2490394032,1,"[0, -1, 0, 327, 666]"
588c1,588,16464,1,"[0, -1, 0, -9, -6]"
588d1,588,-1.75722E+13,0,"[0, 1, 0, 6403, 44463]"
5880,588,1936973136,0,"[0, 1, 0, -457, 2960]"
588f1,588,-276710448,0,"[0, 1, 0, -65, 804]"
590a1,590,-256723750,0,"[1, 0, 1, 156, 176]"
590b1,590,-75520,0,"[1, -1, 0, 1, 13]"
590c1,590,-11800,1,"[1, -1, 0, 1, 5]"
590d1,590,-18880000,1,"[1, 0, 0, -350, 2500]"
591a1,591,1773,1,"[0, -1, 1, -3, 2]"
592a1,592,9472,1,"[0, 1, 0, -9, -13]"
592b1,592,9472,0,"[0, 1, 0, -33, -85]"
592c1,592,151552,0,"[0, 0, 0, -16, -16]"
592d1,592,9472,1,"[0, 1, 0, -5, -1]"
5920,592,151552,1,"[0, -1, 0, -53, -131]"
593a1,593,-593,1,"[1, 0, 1, -2, 1]"
593b1,593,-351649,0,"[1, 0, 0, -7, -30]"
594a1,594,-42768,1,"[1, -1, 0, -18, 36]"
594b1,594,-5346,0,"[1, -1, 0, -9, -9]"
594c1,594,-6928416,0,"[1, -1, 0, -4146, 103796]"
594d1,594,-10018660608,1,"[1, -1, 0, -153, 4909]"
5940,594,-7.3036E+12,0,"[1, -1, 1, -1379, -131165]"
594f1,594,-3897234,0,"[1, -1, 1, -83, 325]"
594g1,594,-31177872,0,"[1, -1, 1, -164, -809]"
594h1,594,-9504,0,"[1, -1, 1, -461, -3691]"
595a1,595,-2.84717E+11,0,"[0, -1, 1, -9996, 388876]"
595b1,595,-43750721875,0,"[0, -1, 1, 434, -9589]"
595c1,595,-595,0,"[0, -1, 1, 0, 1]"
598a1,598,-2627612,1,"[1, -1, 0, -112, 492]"
598b1,598,-116413856,1,"[1, -1, 0, 44, 496]"
598c1,598,-13754,0,"[1, 1, 1, -14, -27]"
598d1,598,-901382144,1,"[1, 1, 1, 4, -1443]"
600a1,600,11250000,1,"[0, -1, 0, -383, 3012]"
600b1,600,-19200,1,"[0, -1, 0, 7, -3]"
600c1,600,-3456000,0,"[0, -1, 0, 32, -68]"
600d1,600,-750000,0,"[0, 1, 0, 17, 38]"
6000,600,-349920000,1,"[0, 1, 0, -233, 1563]"
600f1,600,-60000000,0,"[0, -1, 0, 92, -188]"
600g1,600,-5.4675E+12,0,"[0, -1, 0, -5833, 207037]"
600h1,600,-54000000000,0,"[0, 1, 0, 792, -6912]"
600i1,600,-300000000,0,"[0, 1, 0, 167, -37]"
602a1,602,-7955492608,0,"[1, -1, 0, 121, -4291]"
602b1,602,-94725865472,0,"[1, 1, 0, -22564, 1295312]"
602c1,602,-602,0,"[1, -1, 0, -1, -1]"
603a1,603,1809,0,"[1, -1, 0, -3, 0]"
603b1,603,1318761,0,"[1, -1, 1, -29, 28]"
603c1,603,-11868849,0,"[1, -1, 1, -7151, -230952]"
603d1,603,-439587,0,"[0, 0, 1, 15, -23]"
6030,603,-1318761,1,"[1, -1, 0, -9, -54]"
603f1,603,-48843,1,"[0, 0, 1, -111, 450]"
605a1,605,-6.69872E+11,1,"[1, -1, 0, -1414, -44027]"
605b1,605,-97435855,1,"[1, -1, 1, 98, -316]"
605c1,605,-378125,1,"[1, -1, 1, -12, 36]"
606a1,606,-11169792,0,"[1, 0, 1, 35, -136]"
606b1,606,-7272,1,"[1, 0, 1, 4, 2]"
606c1,606,-1818,0,"[1, 1, 1, -33, -87]"
606d1,606,-1.66952E+12,0,"[1, 1, 1, -1314, -65361]"
6060,606,-37698048,1,"[1, 0, 0, -120, 576]"
606f1,606,-785376,0,"[1, 0, 0, -90, 324]"
608a1,608,-77824,1,"[0, 0, 0, -8, -16]"
608b1,608,-10142101504,0,"[0, 0, 0, -56, 4848]"
608c1,608,-9728,0,"[0, 0, 0, 5, 2]"
608d1,608,-77824,1,"[0, 0, 0, -8, 16]"
6080,608,-10142101504,1,"[0, 0, 0, -56, -4848]"
608f1,608,-9728,1,"[0, 0, 0, 5, -2]"
609a1,609,-4263,1,"[1, 1, 0, 0, 3]"
609b1,609,-4513839183,1,"[1, 1, 1, -784, 8720]"
610a1,610,-244000,0,"[1, -1, 0, -35, -75]"
610b1,610,1952000,1,"[1, -1, 0, -164, 848]"
610c1,610,4880,0,"[1, 1, 1, -5, -5]"
611a1,611,-611,0,"[0, 0, 1, -1, 1]"
612a1,612,-117504,0,"[0, 0, 0, -456, 3748]"
612b1,612,-33958656,1,"[0, 0, 0, -24, -284]"
612c1,612,-9517824,1,"[0, 0, 0, -48, 196]"
612d1,612,-5.62018E+11,0,"[0, 0, 0, -14592, 679412]"
614a1,614,-19648,1,"[1, -1, 1, -61, 197]"
614b1,614,-1257472,1,"[1, 0, 0, 27, 1]"
615a1,615,9225,1,"[1, 1, 1, -6, -6]"
615b1,615,-56041875,1,"[0, 1, 1, 79, -214]"
616a1,616,-42499072,1,"[0, 0, 0, 85, 86]"
616b1,616,-7.6223E+12,0,"[0, -1, 0, 3828, 95348]"
616c1,616,-216832,0,"[0, 1, 0, -12, -32]"
616d1,616,-16696064,1,"[0, -1, 0, -1, 197]"
6160,616,1232,1,"[0, 0, 0, -26, -51]"
618a1,618,-4944,1,"[1, 1, 0, 2, 4]"
618b1,618,-162004992,1,"[1, 1, 0, -2819, -58803]"
618c1,618,-5562,1,"[1, 0, 1, -21, 34]"
618d1,618,-23646998736,1,"[1, 0, 1, 325, -7018]"
6180,618,-9888,1,"[1, 1, 1, 1, 5]"
618f1,618,-461334528,1,"[1, 0, 0, -185, 1401]"
618g1,618,-79104,0,"[1, 0, 0, -1484, -22128]"
620a1,620,-39680,1,"[0, 1, 0, -101, 359]"
620b1,620,48050000,1,"[0, 0, 0, -1052, 13129]"
620c1,620,-39680,1,"[0, 0, 0, 8, 4]"
621a1,621,4074381,0,"[1, -1, 0, -123, 548]"
621b1,621,5589,1,"[1, -1, 1, -14, -16]"
622a1,622,-39808,1,"[1, -1, 1, 8, -5]"
623a1,623,-10470761,1,"[1, 1, 0, 28, 157]"
624a1,624,-8112,1,"[0, -1, 0, -3, 6]"
624b1,624,-73008,1,"[0, -1, 0, 5, -14]"
624c1,624,16848,0,"[0, -1, 0, -7, -2]"
624d1,624,1872,0,"[0, 1, 0, -3, 0]"
6240,624,2075690448,0,"[0, 1, 0, -651, -6228]"
624f1,624,1872,1,"[0, 1, 0, -39, -108]"
624g1,624,151632,1,"[0, -1, 0, -13, 4]"
624h1,624,-159744,0,"[0, 1, 0, 8, 20]"
624i1,624,-8.47988E+11,0,"[0, 1, 0, -312, -44460]"
624j1,624,1872,0,"[0, 1, 0, -5, -6]"
626a1,626,1252,1,"[1, -1, 0, -7, 9]"
626b1,626,-164102144,0,"[1, 0, 1, -2210, 39796]"
627a1,627,-627,0,"[0, 1, 1, -1, -2]"
627b1,627,-497763387,0,"[0, 1, 1, -363, -2995]"
628a1,628,-40192,0,"[0, -1, 0, 4, 8]"
629a1,629,-181781,1,"[1, -1, 0, 11, -18]"
629b1,629,14638717,0,"[0, 0, 1, -211, 1165]"
629c1,629,3090277,1,"[0, 0, 1, -40, 48]"
629d1,629,-1178847269,1,"[1, -1, 1, -171, 1904]"
630a1,630,185220,0,"[1, -1, 0, -105, 441]"
630b1,630,37174394880,0,"[1, -1, 0, -5124, 142160]"
630c1,630,-6.77221E+11,0,"[1, -1, 0, 1890, -24300]"
630d1,630,-137168640,1,"[1, -1, 0, 90, 436]"
6300,630,-2041200,1,"[1, -1, 0, 21, 53]"
630f1,630,2821754880,0,"[1, -1, 0, -369, 1053]"
630g1,630,2.71001E+13,0,"[1, -1, 1, -46118, -3792203]"
630h1,630,1512000,0,"[1, -1, 1, -47, 119]"
630i1,630,4408992000,0,"[1, -1, 1, -4478, -114163]"
630j1,630,1224720,0,"[1, -1, 1, -32, 51]"
632a1,632,80896,1,"[0, 1, 0, -16, 16]"
633a1,633,-1384371,1,"[1, 1, 1, -17, -70]"
635a1,635,-15875,1,"[0, 1, 1, 5, 6]"
635b1,635,-635,1,"[0, -1, 1, -10, 16]"
637a1,637,-31213,1,"[1, -1, 0, -107, 454]"
637b1,637,-10706059,0,"[0, -1, 1, -359, -2507]"
637c1,637,-3672178237,1,"[1, -1, 0, -5252, -145223]"
637d1,637,-10706059,1,"[0, 0, 1, 49, -86]"
639a1,639,-465831,1,"[1, -1, 1, 4, -34]"
640a1,640,640,1,"[0, 0, 0, -13, -18]"
640b1,640,640,1,"[0, 0, 0, -13, 18]"
640c1,640,-6400,0,"[0, 0, 0, -2, -4]"
640d1,640,-160000,0,"[0, -1, 0, -15, -25]"
6400,640,3200,0,"[0, -1, 0, -66, 230]"
640f1,640,3200,0,"[0, 1, 0, -66, -230]"
640g1,640,-6400,1,"[0, 0, 0, -2, 4]"
640h1,640,-160000,1,"[0, 1, 0, -15, 25]"
642a1,642,2958336,0,"[1, 1, 0, -49, 85]"
642b1,642,-454913496,0,"[1, 0, 1, 140, -790]"
642c1,642,-71000064,1,"[1, 1, 1, 79, 335]"
643a1,643,-643,2,"[1, 0, 0, -4, 3]"
644a1,644,-883568,1,"[0, 1, 0, 6, -43]"
644b1,644,-18032,1,"[0, -1, 0, 2, -7]"
645a1,645,-17415,0,"[1, 1, 0, 2, 7]"
645b1,645,29025,0,"[1, 1, 0, -22, 31]"
645c1,645,-9.50699E+12,0,"[0, -1, 1, -16780, 855303]"
645d1,645,-783675,0,"[0, -1, 1, -18000, -923542]"
6450,645,-8.92655E+12,1,"[0, 1, 1, 1815, 141239]"
645f1,645,-783675,1,"[0, 1, 1, 10, 44]"
646a1,646,392768,0,"[1, -1, 0, -125, -507]"
646b1,646,28377488,0,"[1, 1, 1, -77, -77]"
646c1,646,8861828,0,"[1, 0, 0, -241, 1413]"
646d1,646,25137152,1,"[1, -1, 1, -406, 3237]"
6460,646,113509952,0,"[1, 0, 0, -153, 505]"
648a1,648,-82944,1,"[0, 0, 0, -3, 14]"
648b1,648,1296,1,"[0, 0, 0, -3, -1]"
648c1,648,-60466176,0,"[0, 0, 0, -27, -378]"
648d1,648,944784,1,"[0, 0, 0, -27, 27]"
649a1,649,-7139,1,"[1, 0, 0, -1, 4]"
650a1,650,260000000,1,"[1, -1, 0, -167, -259]"
650b1,650,-85196800,1,"[1, 1, 0, -130, -780]"
650c1,650,-8450,1,"[1, -1, 0, -22, 46]"
650d1,650,-2.1125E+11,0,"[1, 0, 1, 299, 22048]"
6500,650,1.625E+11,0,"[1, 0, 1, -21026, -1175052]"
650f1,650,-26000000,0,"[1, -1, 0, -67, 341]"
650g1,650,-32500,1,"[1, 0, 1, -26, 48]"
650h1,650,-406250,0,"[1, 1, 1, 12, 31]"
650i1,650,-507812500,0,"[1, 1, 1, -638, 6031]"
650j1,650,406250000,0,"[1, 1, 1, -813, 8531]"
650k1,650,-13520000,1,"[1, 1, 1, 12, 181]"
650l1,650,-1.3312E+12,0,"[1, 0, 0, -3263, -90983]"
650m1,650,-132031250,0,"[1, -1, 1, -555, 5197]"
651a1,651,-78810594471,0,"[1, 1, 0, -5596, -164045]"
651b1,651,1953,0,"[1, 1, 0, -3, 0]"
651c1,651,-13671,1,"[1, 0, 1, 3, -5]"
651d1,651,-6028911,1,"[1, 0, 0, 36, -81]"
6510,651,-4271211,0,"[0, 1, 1, 23, -83]"
654a1,654,-11442384,1,"[1, 0, 1, -174, 880]"
654b1,654,-578617344,1,"[1, 1, 1, -56, 1145]"
655a1,655,-3275,2,"[0, 0, 1, -13, 18]"
656a1,656,41984,1,"[0, 0, 0, -11, 10]"
656b1,656,10496,0,"[0, 1, 0, -12, -20]"
656c1,656,671744,0,"[0, -1, 0, -24, -16]"
657a1,657,3142410633,0,"[1, -1, 1, -743, 7494]"
657b1,657,-159651,0,"[0, 0, 1, -57, -167]"
657c1,657,-1436859,1,"[0, 0, 1, 24, -36]"
657d1,657,53217,1,"[1, -1, 1, -11, 10]"
658a1,658,-4.15608E+16,0,"[1, 1, 0, -117008, 18214144]"
658b1,658,21056,0,"[1, 1, 0, -9, 5]"
658c1,658,-64484,0,"[1, 0, 1, 3, 12]"
658d1,658,-1347584,1,"[1, 1, 1, 24, -23]"
6580,658,-4.73315E+11,1,"[1, -1, 1, 1668, 19775]"
658f1,658,-5264,1,"[1, -1, 1, -18, 33]"
659a1,659,659,1,"[1, 1, 0, -79, -306]"
659b1,659,-659,0,"[0, 1, 1, -372, 2641]"
660a1,660,-990000,0,"[0, -1, 0, -21, -54]"
660b1,660,-39600,1,"[0, -1, 0, -1, 10]"
660c1,660,-3207600,1,"[0, 1, 0, -41, 120]"
660d1,660,-9702990000,0,"[0, 1, 0, 219, -4500]"
662a1,662,-21692416,1,"[1, 0, 1, 32, -210]"
663a1,663,2094417,0,"[1, 1, 0, -262, -1745]"
663b1,663,25857,1,"[1, 1, 1, -539, 4592]"
663c1,663,232713,1,"[1, 0, 0, -33, -72]"
664a1,664,-21248,2,"[0, 0, 0, -7, 10]"
664b1,664,-1328,1,"[0, 1, 0, 1, 2]"
664c1,664,-1328,1,"[0, -1, 0, -3, 4]"
665a1,665,-39916625,1,"[1, 1, 1, 64, 258]"
665b1,665,665,1,"[1, -1, 0, -14, -17]"
665c1,665,-665,1,"[1, 1, 0, -2, 1]"
665d1,665,-18960396875,1,"[0, -1, 1, -210, 6798]"
6650,665,-12635,0,"[0, 0, 1, -97, -368]"
666a1,666,-23304672,0,"[1, -1, 0, -231, -1315]"
666b1,666,-9556372062,0,"[1, -1, 0, 153, -4685]"
666c1,666,-5826168,1,"[1, -1, 0, 18, 108]"
666d1,666,-31968,1,"[1, -1, 1, -26, 57]"
6660,666,-662888448,1,"[1, -1, 1, 13, 1235]"
666f1,666,-186437376,0,"[1, -1, 1, 139, 141]"
666g1,666,-4.45359E+15,0,"[1, -1, 1, -1640858, -808607271]"
669a1,669,-669,1,"[1, 1, 0, -1, -2]"
670a1,670,-26171875000,1,"[1, -1, 0, -524, -8920]"
670b1,670,-16750,1,"[1, 0, 1, 2, 6]"
670c1,670,-10720,1,"[1, -1, 1, -13, 21]"
670d1,670,-175636480,1,"[1, 0, 0, 44, -624]"
672a1,672,-9408,1,"[0, -1, 0, 2, 4]"
672b1,672,-1829677248,1,"[0, 1, 0, 210, 1764]"
672c1,672,254016,0,"[0, -1, 0, -22, 40]"
672d1,672,-1829677248,0,"[0, -1, 0, 210, -1764]"
6720,672,28224,1,"[0, -1, 0, -14, 24]"
672f1,672,28224,1,"[0, 1, 0, -14, -24]"
672g1,672,-9408,0,"[0, 1, 0, 2, -4]"
672h1,672,254016,0,"[0, 1, 0, -22, -40]"
674a1,674,-2696,1,"[1, 0, 1, 3, 0]"
674b1,674,5392,1,"[1, -1, 1, -6, 5]"
674c1,674,-7.23702E+11,1,"[1, -1, 1, 2064, 18771]"
675a1,675,-421875,1,"[0, 0, 1, 0, 31]"
675b1,675,6075,1,"[1, -1, 1, -5, 2]"
675c1,675,-16875,0,"[0, 0, 1, 0, 6]"
675d1,675,69198046875,0,"[1, -1, 1, -1055, -3428]"
6750,675,-263671875,0,"[0, 0, 1, 0, 781]"
675f1,675,4428675,0,"[1, -1, 0, -42, -19]"
675g1,675,-94921875,0,"[0, 0, 1, -75, 531]"
675h1,675,-69198046875,0,"[0, 0, 1, -675, -14344]"
675i1,675,94921875,1,"[1, -1, 0, -117, 166]"
676a1,676,1003976272,0,"[0, 0, 0, -676, -6591]"
676b1,676,-43264,0,"[0, 1, 0, -4, -12]"
676c1,676,-2.08827E+11,0,"[0, 1, 0, -732, -23516]"
676d1,676,456976,0,"[0, 0, 0, -169, 845]"
6760,676,2.20574E+12,0,"[0, 0, 0, -28561, 1856465]"
677a1,677,-677,1,"[1, 1, 1, 2, 0]"
678a1,678,-1356,1,"[1, 1, 0, -12, 12]"
678b1,678,-195264,1,"[1, 0, 1, 6, -20]"
678c1,678,149962752,1,"[1, 1, 1, -148, -427]"
678d1,678,-4048994304,0,"[1, 0, 0, -1661, 26097]"
6780,678,146448,0,"[1, 0, 0, -192, 1008]"
678f1,678,36612,0,"[1, 0, 0, -190, -1024]"
680a1,680,108800,1,"[0, 0, 0, -143, 658]"
680b1,680,-174080,0,"[0, -1, 0, 0, -20]"
680c1,680,2720000,0,"[0, -1, 0, -3540, -79900]"
681a1,681,-18387,1,"[0, -1, 1, -13, 24]"
681b1,681,3042735921,0,"[1, 1, 0, -1154, -15345]"
681c1,681,-2043,2,"[0, -1, 1, 0, 2]"
681d1,681,-18387,0,"[0, 1, 1, -431, -3592]"
6810,681,-13404123,1,"[0, 1, 1, -179, 881]"
682a1,682,-174592,1,"[1, 0, 0, -33, 73]"
682b1,682,-21632647168,1,"[1, -1, 1, 359, -6663]"
684a1,684,-3545856,1,"[0, 0, 0, -192, 1028]"
684b1,684,-113689008,1,"[0, 0, 0, 24, -511]"
684c1,684,-31912704,0,"[0, 0, 0, 24, -268]"
685a1,685,-685,1,"[1, -1, 0, -5, 6]"
688a1,688,-11008,1,"[0, 0, 0, 4, -4]"
688b1,688,-11008,0,"[0, -1, 0, -13, -15]"
688c1,688,-176128,1,"[0, -1, 0, -5, -19]"
689a1,689,689,1,"[1, 0, 0, -14, 19]"
690a1,690,-2119680000,1,"[1, 1, 0, 172, -1968]"
690b1,690,-370215360,0,"[1, 1, 0, 167, -347]"
690c1,690,-3.56427E+18,0,"[1, 1, 0, -22777, -90852059]"
690d1,690,-285660,0,"[1, 1, 0, -12, -36]"
6900,690,114462720,1,"[1, 0, 1, -604, -5734]"
690f1,690,88320,0,"[1, 0, 1, -13, 8]"
690g1,690,-1.25024E+13,0,"[1, 1, 1, -4491, -207687]"
690h1,690,-331200,1,"[1, 1, 1, 4, 29]"
690i1,690,-317400000,0,"[1, 0, 0, 134, -604]"
690j1,690,-8125440,0,"[1, 0, 0, -245, -1503]"
690k1,690,-965779200,0,"[1, 0, 0, -420, 3600]"
692a1,692,-7661824,0,"[0, 1, 0, -52, 180]"
693a1,693,-30255687,0,"[1, -1, 1, 31, -264]"
693b1,693,-392931,1,"[0, 0, 1, 18, -7]"
693c1,693,-392931,0,"[0, 0, 1, -804, -8775]"
693d1,693,1178793,0,"[1, -1, 0, -306, -1985]"
